lon_25_75,lat_25_75,ID_HDC_G0,GCPNT_LAT,GCPNT_LON,XC_NM_LST,XC_ISO_LST,GRGN_L1,GRGN_L2,UC_NM_MN,UC_NM_LST,P15,urban_center_count
-122.75,42.25,69,42.33705819,-122.8681372,United States,USA,Northern America,Northern America,Medford,Medford,91010.15165,1
-119.75,34.25,5,34.42766353,-119.7436927,United States,USA,Northern America,Northern America,Santa Barbara,Santa Barbara,114753.1502,1
-118.25,34.75,32,34.58484845,-118.1317197,United States,USA,Northern America,Northern America,Palmdale,Palmdale; Lancaster,277181.2072,1
-109.75,31.25,87,31.32348558,-109.5418429,Mexico;United States,MEX; USA,Latin America and the Caribbean,Central America,Agua Prieta,Agua Prieta,97910.77356,1
-106.75,32.25,147,32.31146516,-106.7696567,United States,USA,Northern America,Northern America,Las Cruces,Las Cruces,64074.67851000001,1
-106.25,28.75,111,28.65844574,-106.0883967,Mexico,MEX,Latin America and the Caribbean,Central America,Chihuahua,Chihuahua,794324.2375,1
-103.25,25.75,126,25.55055601,-103.4327176,Mexico,MEX,Latin America and the Caribbean,Central America,Torreon,Torreon; Gómez Palacio; Ciudad Lerdo,1038510.055,2
-103.25,25.75,130,25.52952813,-103.2362207,Mexico,MEX,Latin America and the Caribbean,Central America,Matamoros,Matamoros,51266.23645,2
-102.75,20.75,100,20.81708737,-102.756514,Mexico,MEX,Latin America and the Caribbean,Central America,Tepatitlán,Tepatitlán,74742.58557000001,1
-99.75,16.75,122,16.86769935,-99.86174779,Mexico,MEX,Latin America and the Caribbean,Central America,Acapulco,Acapulco,749405.7201,1
-99.75,17.75,136,17.55045749,-99.5044199,Mexico,MEX,Latin America and the Caribbean,Central America,Chilpancingo,Chilpancingo,208309.4565,1
-98.75,20.25,175,20.10032189,-98.73929389,Mexico,MEX,Latin America and the Caribbean,Central America,Pachuca,Pachuca,362581.4001,2
-98.75,20.25,174,20.05726804,-98.77496732,Mexico,MEX,Latin America and the Caribbean,Central America,Fraccionamientos del Sur,Fraccionamientos del Sur; El Huixmí; Lindavista,93051.41113,2
-98.25,34.75,328,34.61415558,-98.4360741,United States,USA,Northern America,Northern America,Lawton,Lawton,59595.52247999999,1
-97.75,25.75,245,25.84760075,-97.51104873,Mexico,MEX,Latin America and the Caribbean,Central America,Matamoros,Matamoros,467976.7132,1
-97.25,19.75,211,19.815741,-97.37181501,Mexico,MEX,Latin America and the Caribbean,Central America,Teziutlán,Teziutlán; Chignautla,96689.11444,1
-96.25,42.25,432,42.48789586,-96.38924836,United States,USA,Northern America,Northern America,Sioux City,Sioux City,77978.80623,1
-91.25,14.25,276,14.33936749,-91.02135398,Guatemala,GTM,Latin America and the Caribbean,Central America,Santa Lucía Cotzumalguapa,Santa Lucía Cotzumalguapa,92822.25269,1
-90.75,42.75,578,42.50416997,-90.69490585,United States,USA,Northern America,Northern America,Dubuque,Dubuque,53853.44525,1
-88.25,15.25,341,15.40531727,-88.15969955,Honduras,HND,Latin America and the Caribbean,Central America,Barrio El Centro,Barrio El Centro,63018.53962999999,1
-87.75,42.25,662,42.37504739,-87.95014909,United States,USA,Northern America,Northern America,Waukegan,Waukegan; North Chicago; Gurnee; Round Lake Beach; Zion; Grayslake; Lake Forest; Round Lake; Lindenhurst; Beach Park; Lake Bluff,332402.8625,1
-85.75,42.75,725,42.92003525,-85.67070265,United States,USA,Northern America,Northern America,Grand Rapids,Grand Rapids,387107.4497,1
-84.75,42.75,749,42.71770037,-84.54630774,United States,USA,Northern America,Northern America,Lansing,Lansing,184746.373,1
-84.25,33.75,559,33.84096954,-84.30090571,United States,USA,Northern America,Northern America,Atlanta,Atlanta; Sandy Springs; Marietta; Smyrna,1516952.499,1
-79.75,-1.25,438,-1.050409865,-79.63837642,Ecuador,ECU,Latin America and the Caribbean,South America,El Empalme,El Empalme,51164.80554,2
-79.75,-1.25,431,-1.3644408730000002,-79.90501599,Ecuador,ECU,Latin America and the Caribbean,South America,Balzar,Balzar,51123.6792,2
-79.25,44.25,893,44.03267134,-79.46124711,Canada,CAN,Northern America,Northern America,Newmarket,Newmarket,142042.2473,1
-77.75,21.25,604,21.38479108,-77.91393004,Cuba,CUB,Latin America and the Caribbean,Caribbean,Camagüey,Camagüey,257504.9641,1
-76.25,4.25,531,4.088033402,-76.19718939,Colombia,COL,Latin America and the Caribbean,South America,Tuluá,Tuluá,192197.3289,1
-75.25,7.75,592,7.985465447,-75.2001653,Colombia,COL,Latin America and the Caribbean,South America,Caucasia,Caucasia,87918.4646,2
-75.25,7.75,581,7.96928245,-75.41967904,Colombia,COL,Latin America and the Caribbean,South America,Montelíbano,Montelíbano,81629.08477999999,2
-73.75,18.25,710,18.21046823,-73.75578208,Haiti,HTI,Latin America and the Caribbean,Caribbean,Les Cayes,Les Cayes,89781.39301,1
-73.25,-40.75,968,-40.57601878,-73.1420748,Chile,CHL,Latin America and the Caribbean,South America,Osorno,Osorno,153116.8128,1
-73.25,41.25,972,41.23347258,-73.05220162,United States,USA,Northern America,Northern America,Bridgeport,Bridgeport; New Haven,541498.6745,2
-73.25,41.25,970,41.10655866,-73.40449145,United States,USA,Northern America,Northern America,Norwalk,Norwalk; Darien,80617.93338,2
-72.75,10.25,696,10.05777436,-72.55145522,Venezuela,VEN,Latin America and the Caribbean,South America,Machiques,Machiques,96201.26929,1
-72.75,46.25,1044,46.35219031,-72.55663724,Canada,CAN,Northern America,Northern America,Trois-Rivières,Trois-Rivières,102836.7324,1
-71.75,-35.75,948,-35.8463024,-71.59239191,Chile,CHL,Latin America and the Caribbean,South America,Linares,Linares,75568.50903,1
-71.25,10.25,726,10.38274881,-71.4374367,Venezuela,VEN,Latin America and the Caribbean,South America,Cabimas,Cabimas,303283.3505,2
-71.25,10.25,727,10.20487697,-71.31773033,Venezuela,VEN,Latin America and the Caribbean,South America,Ciudad Ojeda,Ciudad Ojeda; Tía Juana,179041.598,2
-69.25,9.75,786,9.569475939,-69.21020368,Venezuela,VEN,Latin America and the Caribbean,South America,Acarigua,Acarigua; Araure,287591.0357,1
-65.75,-27.25,986,-27.34851489,-65.59225116,Argentina,ARG,Latin America and the Caribbean,South America,Concepción,Concepción,57622.92896000001,1
-64.75,-21.75,965,-21.53090148,-64.72931315,Bolivia,BOL,Latin America and the Caribbean,South America,Tarija,Tarija,214101.056,1
-62.25,8.25,963,8.008473695,-62.39832382,Venezuela,VEN,Latin America and the Caribbean,South America,Upata,Upata,93348.08264,1
-60.75,-32.75,1070,-32.91967652,-60.69623646,Argentina,ARG,Latin America and the Caribbean,South America,Rosario,Rosario,1099815.961,1
-58.75,-38.75,1130,-38.56067194,-58.72918357,Argentina,ARG,Latin America and the Caribbean,South America,Necochea,Necochea; Quequén,67654.07227,1
-56.25,-25.75,1088,-25.77985101,-56.4495915,Paraguay,PRY,Latin America and the Caribbean,South America,Villarrica,Villarrica,61796.4519,1
-54.25,-31.25,1151,-31.32689538,-54.10438819,Brazil,BRA,Latin America and the Caribbean,South America,Bagé,Bagé,93687.32104,1
-53.25,-26.25,1142,-26.06477593,-53.05395316,Brazil,BRA,Latin America and the Caribbean,South America,Francisco Beltrão,Francisco Beltrão,67150.99896,1
-51.25,-22.25,1152,-22.12304199,-51.41006357,Brazil,BRA,Latin America and the Caribbean,South America,Presidente Prudente,Presidente Prudente,198946.1882,1
-50.25,-29.75,1255,-29.98579278,-50.13192617,Brazil,BRA,Latin America and the Caribbean,South America,Tramandaí,Tramandaí; Imbé,57290.3907,1
-50.25,-27.75,1230,-27.81118061,-50.31736992,Brazil,BRA,Latin America and the Caribbean,South America,Lages,Lages,137114.813,1
-48.75,-2.75,1156,-2.93389249,-48.94664404,Brazil,BRA,Latin America and the Caribbean,South America,Tailândia,Tailândia,85044.78052,1
-47.75,-23.25,1270,-23.34986889,-47.85142416,Brazil,BRA,Latin America and the Caribbean,South America,Tatuí,Tatuí,92718.90601,1
-47.75,-18.25,1239,-18.16309094,-47.94434582,Brazil,BRA,Latin America and the Caribbean,South America,Catalão,Catalão,82079.17957000001,1
-47.25,-2.75,1203,-2.997008782,-47.35831417,Brazil,BRA,Latin America and the Caribbean,South America,Paragominas,Paragominas,83131.93102999999,1
-46.75,-23.75,1308,-23.69925785,-46.85492077,Brazil,BRA,Latin America and the Caribbean,South America,Itapecerica da Serra,Itapecerica da Serra,75614.51288,1
-44.25,-22.75,1354,-22.51976177,-44.12992875,Brazil,BRA,Latin America and the Caribbean,South America,Volta Redonda,Volta Redonda; Barra Mansa,397591.6556,2
-44.25,-22.75,1353,-22.98635848,-44.3046321,Brazil,BRA,Latin America and the Caribbean,South America,Angra dos Reis,Angra dos Reis,95905.12354,2
-44.25,-19.25,1345,-19.44957611,-44.2337241,Brazil,BRA,Latin America and the Caribbean,South America,Sete Lagoas,Sete Lagoas,201233.9077,1
-43.25,-4.75,1331,-4.864582363,-43.35541927,Brazil,BRA,Latin America and the Caribbean,South America,Caxias,Caxias,115270.577,1
-42.75,-14.25,1356,-14.22499391,-42.77790256,Brazil,BRA,Latin America and the Caribbean,South America,Guanambi,Guanambi,55277.39435,1
-39.25,-13.25,1412,-13.36954101,-39.07107475,Brazil,BRA,Latin America and the Caribbean,South America,Valença,Valença,57627.0896,1
-39.25,-6.25,1397,-6.361926395,-39.30586303,Brazil,BRA,Latin America and the Caribbean,South America,Iguatu,Iguatu,63386.1925,1
-37.25,-8.25,1428,-8.420006015,-37.06230872,Brazil,BRA,Latin America and the Caribbean,South America,Arcoverde,Arcoverde,66097.25101,1
-13.75,10.25,1505,10.36931657,-13.57949944,Guinea,GIN,Africa,Western Africa,Fria,Fria,61480.71289,1
-13.75,11.25,1501,11.10408671,-13.80973238,Guinea,GIN,Africa,Western Africa,Sangarédi,Sangarédi,88493.60802999997,1
-11.75,7.75,1520,7.953104969,-11.73955471,Sierra Leone,SLE,Africa,Western Africa,Bo,Bo,265549.0112,1
-10.75,11.25,1528,11.29419328,-10.71496424,Guinea,GIN,Africa,Western Africa,Dinguiraye,Dinguiraye,52413.77808,1
-10.25,9.25,1532,9.192800755,-10.10019989,Guinea,GIN,Africa,Western Africa,Kissidougou,Kissidougou,111784.8311,1
-9.25,30.25,1546,30.39452275,-9.217877609,Morocco,MAR,Africa,Northern Africa,Ouled-Teima,Ouled-Teima,57287.05737,1
-9.25,53.25,1584,53.27687799,-9.053558274,Ireland,IRL,Europe,Northern Europe,Galway,Galway,65711.09332,1
-7.75,31.75,1570,31.63953063,-7.987747772,Morocco,MAR,Africa,Northern Africa,Marrakesh,Marrakesh,947497.4984,1
-6.75,38.75,1602,38.87973146,-6.981301815,Spain,ESP,Europe,Southern Europe,Badajoz,Badajoz,77577.00299,1
-5.75,9.25,1615,9.461442181,-5.627132049,Côte d'Ivoire,CIV,Africa,Western Africa,Korhogo,Korhogo,259718.1949,1
-5.75,35.75,1635,35.74999162,-5.825183517,Morocco,MAR,Africa,Northern Africa,Tangier,Tangier,976954.5184,1
-5.75,43.75,1655,43.53263079999999,-5.687109469,Spain,ESP,Europe,Southern Europe,Gijón,Gijón,229260.787,2
-5.75,43.75,1647,43.55980758,-5.915897164,Spain,ESP,Europe,Southern Europe,Avilés,Avilés,81509.15857,2
-5.25,6.75,1633,6.804274069,-5.266792654,Côte d'Ivoire,CIV,Africa,Western Africa,Yamoussoukro,Yamoussoukro,218119.8314,1
-5.25,12.25,1624,12.38110901,-5.4633669660000015,Mali,MLI,Africa,Western Africa,Koutiala,Koutiala,226431.3578,1
-4.25,36.75,1677,36.67033498,-4.474219443,Spain,ESP,Europe,Southern Europe,Málaga,Málaga,799996.6247,1
-4.25,43.25,1700,43.34540546,-4.053326128,Spain,ESP,Europe,Southern Europe,Torrelavega,Torrelavega,53440.64935,1
-3.75,55.75,1722,55.7997194,-3.987895444,United Kingdom,GBR,Europe,Northern Europe,Wishaw,Wishaw; Motherwell; Bellshill; Viewpark; Uddingston; Holytown; New Stevenston; Newmains; Newarthill,118725.8831,3
-3.75,55.75,1723,55.8585739,-3.995156087,United Kingdom,GBR,Europe,Northern Europe,Coatbridge,Coatbridge; Airdrie; Chapelhall,83743.20465,3
-3.75,55.75,1739,55.89190313,-3.520254421,United Kingdom,GBR,Europe,Northern Europe,Livingston,Livingston; East Calder,54048.2457,3
-2.75,52.75,1767,52.7121349,-2.752659665,United Kingdom,GBR,Europe,Northern Europe,Shrewsbury,Shrewsbury,68150.1311,1
-2.25,13.25,1748,13.20349899,-2.355136125,Burkina Faso,BFA,Africa,Western Africa,Gourcy,Gourcy,87139.98584,1
-2.25,52.75,1777,52.68570456,-2.467535443,United Kingdom,GBR,Europe,Northern Europe,Telford,Telford; Dawley; Oakengates; Madeley; Wellington; Broseley,131863.0065,3
-2.25,52.75,1810,52.69084399,-2.014208349,United Kingdom,GBR,Europe,Northern Europe,Great Wyrley,Great Wyrley; Cheslyn Hay; Cannock; Hednesford,82755.98683,3
-2.25,52.75,1805,52.80224454,-2.111424125,United Kingdom,GBR,Europe,Northern Europe,Stafford,Stafford,66333.20229,3
-1.75,7.75,1774,7.580887952999999,-1.943297391,Ghana,GHA,Africa,Western Africa,Techiman,Techiman,138333.0868,2
-1.75,7.75,1789,7.559266176,-1.7110242219999998,Ghana,GHA,Africa,Western Africa,Nkoranza,Nkoranza,67319.5611,2
-1.75,43.25,1797,43.30842028,-1.956171381,Spain,ESP,Europe,Southern Europe,Donostia / San Sebastián,Donostia / San Sebastián,214645.3438,3
-1.75,43.25,1824,43.48729524,-1.508709479,France,FRA,Europe,Western Europe,Anglet,Anglet; Biarritz; Bayonne,87549.98547,3
-1.75,43.25,1808,43.3529849,-1.788847529,Spain;France,ESP; FRA,Europe,Southern Europe,Irun,Irun; Hondarribia; Hendaye,74078.11602999999,3
-1.25,7.25,1812,7.0559840939999985,-1.403911449,Ghana,GHA,Africa,Western Africa,Mampong,Mampong,51205.11658,2
-1.25,7.25,1817,7.383797993,-1.358952421,Ghana,GHA,Africa,Western Africa,Ejura,Ejura,50727.81421,2
-1.25,51.75,1858,51.75036181,-1.238263862,United Kingdom,GBR,Europe,Northern Europe,Oxford,Oxford,161120.7267,1
-1.25,53.75,1874,53.96228620000001,-1.086943489,United Kingdom,GBR,Europe,Northern Europe,York,York,146839.4696,5
-1.25,53.75,1867,53.52740068,-1.127208997,United Kingdom,GBR,Europe,Northern Europe,Doncaster,Doncaster; Conisbrough,120470.3808,5
-1.25,53.75,1841,53.56602001,-1.478452705,United Kingdom,GBR,Europe,Northern Europe,Cudworth,Cudworth; Barnsley; Royston,110929.1993,5
-1.25,53.75,1847,53.50668215,-1.3556842409999998,United Kingdom,GBR,Europe,Northern Europe,Wath upon Dearne,Wath upon Dearne; Swinton; Hoyland; Wombwell; Mexborough; Thurnscoe,88681.42408,5
-1.25,53.75,1851,53.71096859,-1.352980454,United Kingdom,GBR,Europe,Northern Europe,Pontefract,Pontefract; Kippax; Normanton; Glasshoughton; Castleford; Featherstone,85882.54048,5
1.25,7.75,2019,7.522547474,1.136192677,Togo,TGO,Africa,Western Africa,Atakpamé,Atakpamé,170360.9311,2
1.25,7.75,2028,7.763573983,1.196127368,Togo,TGO,Africa,Western Africa,Anié,Anié,101608.239,2
1.25,9.75,2026,9.549988804,1.194181746,Togo,TGO,Africa,Western Africa,Kara,Kara,201147.0734,3
1.25,9.75,2015,9.954921108999999,1.047448818,Togo,TGO,Africa,Western Africa,Kandé,Kandé,62011.68066000001,3
1.25,9.75,2036,9.658052278,1.308587313,Togo,TGO,Africa,Western Africa,Kétao,Kétao,52102.24707,3
1.75,12.75,2053,12.82978289,1.68489665,Niger,NER,Africa,Western Africa,Makalondi,Makalondi; Bankata,56502.64551,1
1.75,52.25,2033,52.47212473,1.729430596,United Kingdom,GBR,Europe,Northern Europe,Lowestoft,Lowestoft,67433.74124,1
4.25,32.75,2207,32.78701211,4.494312299,Algeria,DZA,Africa,Northern Africa,Guerrara,Guerrara,64104.01563,1
4.25,35.25,2177,35.22562766,4.17311272,Algeria,DZA,Africa,Northern Africa,Bou Saada,Bou Saada,133244.6531,1
4.25,51.75,2123,51.91002633,4.476586801,Netherlands,NLD,Europe,Western Europe,Rotterdam [The Hague],Rotterdam; The Hague; Delft,1913888.198,2
4.25,51.75,2145,51.53394334,4.464835549,Netherlands,NLD,Europe,Western Europe,Roosendaal,Roosendaal,50555.8717,2
4.75,8.75,2289,8.823744024,4.976134022,Nigeria,NGA,Africa,Western Africa,Share,Share; Kage; Iyana,71247.05811,1
5.25,34.25,2242,34.43132873,5.063205521,Algeria,DZA,Africa,Northern Africa,Ouled Djellal,Ouled Djellal,75252.42651,1
5.75,6.25,2354,6.340915227999999,5.624165135,Nigeria,NGA,Africa,Western Africa,Benin City,Benin City,1550238.772,1
5.75,8.75,2375,8.72741384,5.758498415,Nigeria,NGA,Africa,Western Africa,Pategi,Pategi,71508.20972,1
6.25,35.75,2337,35.54685236,6.170438884,Algeria,DZA,Africa,Northern Africa,Batna,Batna,319352.5084,1
6.75,8.25,2503,8.472358618,6.946504892999999,Nigeria,NGA,Africa,Western Africa,Abaji,Abaji,70801.47753999999,1
6.75,9.75,2450,9.617283297,6.542448518,Nigeria,NGA,Africa,Western Africa,Minna,Minna,403554.3164,2
6.75,9.75,2488,9.755641785,6.805878066,Nigeria,NGA,Africa,Western Africa,Kwayamisi,Kwayamisi; Gwada; Gidan Zari; Zari,57778.71143,2
6.75,11.75,2496,11.95859211,6.917853432999999,Nigeria,NGA,Africa,Western Africa,Chafe,Chafe,52856.35327,1
6.75,12.25,2462,12.17679601,6.669625239,Nigeria,NGA,Africa,Western Africa,Gusau,Gusau,297768.0383,2
6.75,12.25,2481,12.16806654,6.820612682999999,Nigeria,NGA,Africa,Western Africa,Awala,Awala; Madachi; Bakwonta; Zaman Giru; Zaman Gira; Unguwar Sauna; Sauna; Kwatarkwashi; Guidan Dadago; Tumfafi; Guidan Karte; Ungwan Sarkin; Sarkin; Gidan Dadago; Tofa; Kotorkoshi; Unguwar Kulodo; Karoka; Guidan Dan Makwayo; Gidan Dan Makwayo; Guidan Ada,89002.11304,2
6.75,13.75,2464,13.65949002,6.6993855170000005,Niger,NER,Africa,Western Africa,Guidan Roumdji,Guidan Roumdji,50079.40466,1
7.25,9.25,2565,9.061898911,7.4334951889999985,Nigeria,NGA,Africa,Western Africa,Abuja,Abuja,1450169.0669999996,5
7.25,9.25,2544,9.181689559,7.190060637,Nigeria,NGA,Africa,Western Africa,Abuja,Abuja; Suleija; Suleja; Sulaija; Rafin Madugu; Kwamba; Gauraka; Tunga Bai; Ibo; Rafin Kaffi; Kwonkashe; Tunga Yalwa; Tunga Gwuntu; Tunga Mekidi; Dachino; Dachimo,329536.9466,5
7.25,9.25,2552,9.107093236,7.240455036,Nigeria,NGA,Africa,Western Africa,Madalla,Madalla,89026.76434,5
7.25,9.25,2541,9.260350276,7.185387855,Nigeria,NGA,Africa,Western Africa,Maji,Maji; Diko; Kuchiko; Numewa; Numbwa; Yaguru; Mallam; Mallam Koro; Mallam Karo,83901.04321,5
7.25,9.25,2576,9.273741405,7.378356601,Nigeria,NGA,Africa,Western Africa,Bwari,Bwari; Gaba,54194.72314,5
7.25,35.75,2454,35.79264703,7.384556302000001,Algeria,DZA,Africa,Northern Africa,Ain Beida,Ain Beida,139453.1545,2
7.25,35.75,2427,35.87195137,7.1200641860000005,Algeria,DZA,Africa,Northern Africa,Oum El Bouaghi,Oum El Bouaghi,87101.052,2
7.25,48.25,2372,48.08399846,7.359345524,France,FRA,Europe,Western Europe,Colmar,Colmar,61816.7179,1
7.75,5.25,2674,5.024856888,7.917982182,Nigeria,NGA,Africa,Western Africa,Uyo,Uyo,607710.5665,10
7.75,5.25,2667,5.057316115,7.855173846,Nigeria,NGA,Africa,Western Africa,Ibiaku Ikot Ukpong,Ibiaku Ikot Ukpong; Utat; Ikot Akpabio; Okobo; Ikot Okure; Ikot Ada Idem; Ikot Akpadung Itak; Ikpa; Ikot Obio Nkpong; Ikot Mpon; Ikot Mbon; Mbiabong; Ediene; Ikot Akpan,227568.4443,10
7.75,5.25,2614,5.158566331,7.5270978,Nigeria,NGA,Africa,Western Africa,Nwaigwe,Nwaigwe; Onicha Ngwa,193341.5,10
7.75,5.25,2639,5.181517236,7.713989002999999,Nigeria,NGA,Africa,Western Africa,Ikot Ekpene,Ikot Ekpene,180464.2405,10
7.75,5.25,2617,5.457827128,7.546420597999999,Nigeria,NGA,Africa,Western Africa,Amaba,Amaba; Ndoro; Umuhu; Amawom; Ihim; Amuro; Umariaga; Nnono; Okwe; Oleri,96528.02747,10
7.75,5.25,2663,5.089715518999999,7.826661062,Nigeria,NGA,Africa,Western Africa,Ukap Itak,Ukap Itak; Ukpap Itak; Ikot Eboro; Ekpemiong; Use Ikot Usuan; Useh Ilot Usan; Nkara Obio,86986.01952999999,10
7.75,5.25,2673,5.393490869,7.889040958,Nigeria,NGA,Africa,Western Africa,Amakofia,Amakofia; Obiene; Atani Aro; Amanagwu; Ibom; Amuvi; Ugbo; Arochuku; Arochukwu; Aburu; Abuma; Amasu,67398.28394,10
7.75,5.25,2638,5.48666016,7.719691415,Nigeria,NGA,Africa,Western Africa,Ikporom,Ikporom; Okopedi; Ebo; Nkpu; Nchanabua; Mkpu; Ikot Akpantem; Ndi Iwo,57480.41553,10
7.75,5.25,2643,5.09511548,7.730013932,Nigeria,NGA,Africa,Western Africa,Esana,Esana; Ikot Esien; Ikot Akpabio; Adiasim; Obo-Ukana Iba; Ukana Akpa Utong; Nsasak; Iba; Ukana Iba; Ikpe Ikot Eside; Ikpe Ikot Eside; Ikot Ntuen Ukana; Ikot Ntuen,56939.66553,10
7.75,5.25,2664,5.053266234,7.8263884410000015,Nigeria,NGA,Africa,Western Africa,Ikot Obioko,Ikot Obioko; Abia Okpo Otoro; Abiakpo Otoro,51469.64453,10
7.75,48.75,2394,48.57516992,7.742074895,France;Germany,FRA; DEU,Europe,Western Europe,Strasbourg,Strasbourg,422097.0836,1
8.75,13.75,2775,13.80716763,8.98400938,Niger,NER,Africa,Western Africa,Zinder,Zinder,564388.8069,1
8.75,35.25,2648,35.16824512,8.825819715,Tunisia,TUN,Africa,Northern Africa,Kasserine,Kasserine,89455.27307000002,1
9.25,48.25,2533,48.4959756,9.202120126,Germany,DEU,Europe,Western Europe,Reutlingen,Reutlingen,114837.2539,1
10.25,7.25,2899,7.2499327189999985,10.3532002,Nigeria,NGA,Africa,Western Africa,Sarkin Kudu,Sarkin Kudu,58211.99219,1
10.25,35.75,2783,35.67280819,10.09267273,Tunisia,TUN,Africa,Northern Africa,Kairouan,Kairouan,79707.42773,1
10.25,43.75,2738,43.54560176,10.3204228,Italy,ITA,Europe,Southern Europe,Livorno,Livorno,148915.7226,3
10.25,43.75,2744,43.71281717,10.40105815,Italy,ITA,Europe,Southern Europe,Pisa,Pisa,62939.93918,3
10.25,43.75,2727,43.8759214,10.24791387,Italy,ITA,Europe,Southern Europe,Viareggio,Viareggio,57630.99004,3
10.25,44.75,2725,44.79754323,10.33200963,Italy,ITA,Europe,Southern Europe,Parma,Parma,136468.586,1
10.25,47.75,2693,47.72751714,10.3200935,Germany,DEU,Europe,Western Europe,Kempten (Allgäu),Kempten (Allgäu),61769.06329,1
10.75,45.25,2773,45.43427867,10.988454699999998,Italy,ITA,Europe,Southern Europe,Verona,Verona,200722.4781,1
11.75,2.75,2995,2.940365892,11.97931856,Cameroon,CMR,Africa,Middle Africa,Sangmélima,Sangmélima,50128.29492,1
11.75,11.75,2981,11.7409475,11.97043952,Nigeria,NGA,Africa,Western Africa,Damaturu,Damaturu,101297.6367,2
11.75,11.75,2962,11.68542214,11.618674,Nigeria,NGA,Africa,Western Africa,Ngelzarma,Ngelzarma,51375.89014,2
12.25,9.75,2987,9.890749035,12.00783906,Nigeria,NGA,Africa,Western Africa,Shellem,Shellem,107254.0608,2
12.25,9.75,3007,9.786140742999999,12.39927983,Nigeria,NGA,Africa,Western Africa,Dumne,Dumne; Dungma,83148.68945,2
12.25,11.25,2984,11.27149436,12.00776247,Nigeria,NGA,Africa,Western Africa,Buni Yadi,Buni Yadi,107644.9619,1
12.75,2.75,3035,2.671326849,12.67528273,Cameroon,CMR,Africa,Middle Africa,Djoum,Djoum,53518.33374,1
13.25,-1.75,3068,-1.551559094,13.21855157,Gabon,GAB,Africa,Middle Africa,Moanda,Moanda,50061.47852,1
13.75,11.75,3098,11.50761139,13.69545012,Nigeria,NGA,Africa,Western Africa,Jaudiri,Jaudiri; Kasugula Bama; Bama,151592.1544,1
14.25,-5.75,3157,-5.562472821,14.44062973,Democratic Republic of the Congo,COD,Africa,Middle Africa,Kimpese,Kimpese,69005.86774,1
14.25,9.75,3142,9.656696944,14.22497981,Chad,TCD,Africa,Middle Africa,Lere,Lere,107586.4775,2
14.25,9.75,3151,9.966309896,14.46618424,Chad,TCD,Africa,Middle Africa,Guemu,Guemu; Binder بندر; Mayel Ngam,79091.6936,2
14.25,14.25,3140,14.26664065,14.35866403,Chad,TCD,Africa,Middle Africa,Rig-Rig,Rig-Rig,85077.26563,1
14.75,-5.75,3176,-5.503232354,14.68599514,Democratic Republic of the Congo,COD,Africa,Middle Africa,Kwilu-Ngongo,Kwilu-Ngongo,83641.42737,1
15.25,37.75,3051,37.53448131,15.07152961,Italy,ITA,Europe,Southern Europe,Catania,Catania,448664.8115,2
15.25,37.75,3056,37.59880457,15.13084297,Italy,ITA,Europe,Southern Europe,Acireale,Acireale; Aci Catena; Aci Castello; Aci Sant'Antonio; Pedara; Trecastagni,106710.4087,2
16.25,1.75,3251,1.613573699,16.04984986,Republic of Congo,COG,Africa,Middle Africa,Ouésso,Ouésso; Ouesso,67148.88745,1
16.75,40.75,3124,40.82486509,16.54895466,Italy,ITA,Europe,Southern Europe,Altamura,Altamura,66935.97727,1
17.25,-12.25,3315,-12.02057959,17.476127899999998,Angola,AGO,Africa,Middle Africa,Camacupa,Camacupa,111281.2466,2
17.25,-12.25,3307,-12.14853345,17.278346399999997,Angola,AGO,Africa,Middle Africa,Catabola,Catabola,82315.06702,2
17.75,8.75,3322,8.917405115,17.54506699,Chad,TCD,Africa,Middle Africa,Koumra,Koumra,244377.1555,1
18.25,52.75,3080,52.78032003,18.2532678,Poland,POL,Europe,Eastern Europe,Inowrocław,Inowrocław,64551.97192,1
18.75,8.75,3360,8.747723626,18.54741048,Chad,TCD,Africa,Middle Africa,Danamadji,Danamadji; Mbaibayan; Maïkolo; Kadjimta,50708.55469,1
20.25,-9.75,3415,-9.667178243,20.39450694,Angola,AGO,Africa,Middle Africa,Saurimo,Saurimo,357697.3924,1
21.75,43.25,3340,43.32127542,21.910104800000006,Serbia,SRB,Europe,Southern Europe,Niš,Niš,188292.8419,1
22.25,-5.25,3483,-5.485502743,22.27136527,Democratic Republic of the Congo,COD,Africa,Middle Africa,Demba,Demba; Kanomno,165765.7145,2
22.25,-5.25,3480,-5.13588575,22.17269185,Democratic Republic of the Congo,COD,Africa,Middle Africa,Bena-Leka,Bena-Leka,131767.0527,2
22.25,4.25,3489,4.1031452,22.44392326,Democratic Republic of the Congo,COD,Africa,Middle Africa,Yakoma,Yakoma,51583.58667,1
24.25,11.75,3566,11.50880005,24.31609683,Sudan,SDN,Africa,Northern Africa,Ed Al Fursan,Ed Al Fursan,303882.3413,1
25.75,48.25,3413,48.30091672,25.94052466,Ukraine,UKR,Europe,Eastern Europe,Chernivtsi,Chernivtsi,240724.6125,1
26.75,47.75,3438,47.74458741,26.66377911,Romania,ROU,Europe,Eastern Europe,Botoșani,Botoșani,88831.41528,1
27.25,-9.25,3766,-9.353154308999999,27.43288428,Democratic Republic of the Congo,COD,Africa,Middle Africa,Mpose,Mpose; Sampwe,123312.1509,1
27.25,42.25,3503,42.49738295,27.44619895,Bulgaria,BGR,Europe,Eastern Europe,Burgas,Burgas,111381.173,1
27.75,40.75,3524,40.97482202,27.52527134,Turkey,TUR,Asia,Western Asia,Tekirdağ,Tekirdağ,98278.8348,1
27.75,53.75,3401,53.89104161,27.57441764,Belarus,BLR,Europe,Eastern Europe,Minsk,Minsk,2006721.845,1
28.75,-12.75,3859,-12.98036102,28.6317007,Zambia,ZMB,Africa,Eastern Africa,Ndola,Ndola,439792.8329,1
28.75,-2.75,4007,-2.506981546,28.86434876,Democratic Republic of the Congo;Rwanda,COD; RWA,Africa,Middle Africa,Bukavu,Bukavu,827032.6454,4
28.75,-2.75,4011,-2.661213054,28.8749364,Democratic Republic of the Congo,COD,Africa,Middle Africa,Kandekere,Kandekere; Nyangezi; Lukananda; Cijingiri; Nyamurhambye; Mushadu; Bushigi2,123575.2227,4
28.75,-2.75,3979,-2.623185468,28.67570467,Democratic Republic of the Congo,COD,Africa,Middle Africa,Walungu,Walungu,62160.380370000006,4
28.75,-2.75,3963,-2.636362149,28.60143722,Democratic Republic of the Congo,COD,Africa,Middle Africa,Karhuliza II,Karhuliza II; Cimbulungu; Karhuliza I; Kalongo,52941.70801,4
28.75,-1.75,4013,-1.555218321,28.87939024,Democratic Republic of the Congo,COD,Africa,Middle Africa,Rubaya,Rubaya,342564.0476,3
28.75,-1.75,4014,-1.65887178,28.87416365,Democratic Republic of the Congo,COD,Africa,Middle Africa,Bishasha,Bishasha; Ngungu Centre; Katahandwa,173145.4043,3
28.75,-1.75,4015,-1.782287986,28.89071502,Democratic Republic of the Congo,COD,Africa,Middle Africa,Numbi,Numbi,88961.72997999997,3
29.25,-5.75,4045,-5.925993178,29.20012848,Democratic Republic of the Congo,COD,Africa,Middle Africa,Kalemie,Kalemie,462455.5539,1
29.25,14.25,3952,14.41262816,29.10373155,Sudan,SDN,Africa,Northern Africa,Sawdiri,Sawdiri,55514.94727,1
29.75,0.75,4113,0.700168608,29.51632803,Democratic Republic of the Congo,COD,Africa,Middle Africa,Oicha,Oicha,65549.24841,1
29.75,59.75,3389,59.87900649,29.88530918,Russia,RUS,Europe,Eastern Europe,Peterhof,Peterhof,60072.39152000001,1
30.25,-4.75,4184,-4.573196791,30.11056748,Tanzania,TZA,Africa,Eastern Africa,Murubona,Murubona; Nyansha; Kilombero village; Kidyama village; Kasulu Mjini,106449.779,1
30.25,13.25,4140,13.18307176,30.22180419,Sudan,SDN,Africa,Northern Africa,Al-Ubayyid,Al-Ubayyid,680618.161,1
30.75,52.25,3506,52.44258041,30.9728497,Belarus,BLR,Europe,Eastern Europe,Homel,Homel,429236.6758,1
31.25,29.25,3957,29.07352274,31.08114548,Egypt,EGY,Africa,Northern Africa,Beni Suef,Beni Suef,479649.0595,5
31.25,29.25,3974,29.44398449,31.23321004,Egypt,EGY,Africa,Northern Africa,Minyat Sultan,Minyat Sultan; Al-Kedaya; Al Riqqa al Sharqiya al Bahariya; Kafr Qindil; Kafr Abd al Jalil; Al Riqa al Sharqiya; Al Riqqah; Girza; Kafr Qasim; Kafr Jirzah; Al Burghuthi; Kafr Turki; Zawyet Umm Husein,175686.6832,5
31.25,29.25,3975,29.32792725,31.19441914,Egypt,EGY,Africa,Northern Africa,Al-Wasitah,Al-Wasitah,170139.8361,5
31.25,29.25,3983,29.48930842,31.28051588,Egypt,EGY,Africa,Northern Africa,Al-Qobabat,Al-Qobabat; Mit al Qayid; Al Widy; Minshat Abu al Abbas; Askur; Arab Uskur; Sakanat Arab al Qumayi; Arab al Shaykh Zayd; Arab al Maazah,134765.8678,5
31.25,29.25,3973,29.14549022,31.13457015,Egypt,EGY,Africa,Northern Africa,Bush,Bush; Al Shanawiya,64793.80591,5
31.25,36.75,3775,36.78494832,31.41827974,Turkey,TUR,Asia,Western Asia,Manavgat,Manavgat,70349.71807999999,1
31.75,-16.25,4274,-16.19140014,31.69602303,Mozambique,MOZ,Africa,Eastern Africa,Mucumbura,Mucumbura,64108.08032000001,1
31.75,40.75,3723,40.73845976,31.60851588,Turkey,TUR,Asia,Western Asia,Bolu,Bolu,98585.65936,1
32.25,13.75,4366,13.80162984,32.41172375,Sudan,SDN,Africa,Northern Africa,,-,62454.07031,1
33.25,-18.25,4392,-18.06048036,33.17530127,Mozambique,MOZ,Africa,Eastern Africa,Catandica,Catandica,116094.7051,1
33.25,-3.75,4507,-3.671960734,33.42348697,Tanzania,TZA,Africa,Eastern Africa,Shinyanga,Shinyanga,115056.8856,1
33.25,51.75,3604,51.86297281,33.47365134,Ukraine,UKR,Europe,Eastern Europe,Shostka,Shostka,70232.19434,1
33.75,-25.25,4345,-25.05540516,33.68225558,Mozambique,MOZ,Africa,Eastern Africa,Xai-Xai,Xai-Xai,141471.8236,1
33.75,-16.25,4457,-16.15366034,33.59709541,Mozambique,MOZ,Africa,Eastern Africa,Tete,Tete,208150.5018,2
33.75,-16.25,4472,-16.11542769,33.72128714,Mozambique,MOZ,Africa,Eastern Africa,Moatize,Moatize,89743.89246,2
33.75,-9.75,4525,-9.597064339,33.86850379999999,Tanzania,TZA,Africa,Eastern Africa,Kyela,Kyela,51436.14795,1
34.25,0.75,4561,0.659151415,34.16030414,Uganda,UGA,Africa,Eastern Africa,Amagoro B Central,Amagoro B Central; Sukulu; Amagoro A South; Amagoro B South,50702.96045,1
35.25,-16.25,4581,-16.35834416,35.29335732,Mozambique;Malawi,MOZ; MWI,Africa,Eastern Africa,,-,94751.95703,1
35.25,33.25,4327,33.26186102,35.22203376,Lebanon,LBN,Asia,Western Asia,Tyre,Tyre,117950.789,2
35.25,33.25,4346,33.38176541,35.4597333,Lebanon,LBN,Asia,Western Asia,Nabatieh,Nabatieh; Habbouch,94678.20725,2
35.25,47.75,3769,47.83964808,35.15096253,Ukraine,UKR,Europe,Eastern Europe,Zaporizhzhia,Zaporizhzhia,728145.0568,1
35.75,-4.25,4688,-4.2087766580000014,35.74786152,Tanzania,TZA,Africa,Eastern Africa,Babati,Babati,62852.02002,1
35.75,35.75,4317,35.54240479999999,35.79196857,Syria,SYR,Asia,Western Asia,Latakia,Latakia,373264.6778,1
36.75,11.25,4765,11.26024217,36.84437801,Ethiopia,ETH,Africa,Eastern Africa,Dangla,Dangla,177149.7876,3
36.75,11.25,4780,11.35856881,36.9540888,Ethiopia,ETH,Africa,Eastern Africa,Durbete,Durbete,166514.3677,3
36.75,11.25,4773,11.07991942,36.88564797,Ethiopia,ETH,Africa,Eastern Africa,Addis Kidan,Addis Kidan,145890.4521,3
36.75,15.25,4706,15.10560247,36.66096337,Eritrea,ERI,Africa,Eastern Africa,Teseney,Teseney,261925.9885,1
36.75,18.75,4680,18.84688032,36.8387232,Sudan,SDN,Africa,Northern Africa,Sinkāt,Sinkāt,116210.6335,2
36.75,18.75,4677,18.99833653,36.83872716,Sudan,SDN,Africa,Northern Africa,,-,88609.70313,2
36.75,45.25,4072,45.35220954,36.50659725,Ukraine,UKR,Europe,Eastern Europe,Kerch,Kerch,88217.56776,1
37.75,47.75,4068,47.94892405,37.58655637,Ukraine,UKR,Europe,Eastern Europe,Marinka,Marinka; Oleksandrivka,61241.47542,1
38.25,11.25,5020,11.39605585,38.24044501,Ethiopia,ETH,Africa,Eastern Africa,Gut'O,Gut'O,218622.5703,1
38.25,13.25,4960,13.00606292,38.10456113,Ethiopia,ETH,Africa,Eastern Africa,Mekanebirhan,Mekanebirhan,142246.2539,3
38.25,13.25,5012,13.4568513,38.3849841,Ethiopia,ETH,Africa,Eastern Africa,,-,64913.21973,3
38.25,13.25,5029,13.11770898,38.443128,Ethiopia,ETH,Africa,Eastern Africa,Dil Yibza,Dil Yibza,54482.92578,3
38.75,11.75,5153,11.6106922,38.92628561,Ethiopia,ETH,Africa,Eastern Africa,Kon,Kon,144272.6196,3
38.75,11.75,5118,11.76423663,38.74416678,Ethiopia,ETH,Africa,Eastern Africa,Filakit Gereger,Filakit Gereger,140972.6902,3
38.75,11.75,5076,11.61205085,38.53900831,Ethiopia,ETH,Africa,Eastern Africa,Anda,Anda,124312.5435,3
38.75,14.25,5037,14.12341701,38.59512611,Ethiopia,ETH,Africa,Eastern Africa,Uykro,Uykro; Bakwa,127512.2734,5
38.75,14.25,5100,14.17069972,38.89614592,Ethiopia,ETH,Africa,Eastern Africa,Adwa,Adwa,95908.40796,5
38.75,14.25,5059,14.12096205,38.73926295,Ethiopia,ETH,Africa,Eastern Africa,Axum,Axum,92804.69775,5
38.75,14.25,5091,14.15615079,38.85788239,Ethiopia,ETH,Africa,Eastern Africa,The State Of Tigray,The State Of Tigray,89383.58887,5
38.75,14.25,5070,14.40171195,38.78740643,Ethiopia,ETH,Africa,Eastern Africa,Rama,Rama,75966.03125,5
38.75,14.75,5056,14.88942148,38.81111975,Eritrea,ERI,Africa,Eastern Africa,Mendefera,Mendefera,183902.5198,2
38.75,14.75,5074,14.63590973,38.83519006,Eritrea,ERI,Africa,Eastern Africa,Adi Quala,Adi Quala,115387.1917,2
38.75,47.25,4234,47.22916358,38.89944145,Russia,RUS,Europe,Eastern Europe,Taganrog,Taganrog,249514.2076,1
39.75,-13.25,5269,-13.38328693,39.78840419,Mozambique,MOZ,Africa,Eastern Africa,Chiure-Sede,Chiure-Sede,83871.02979,1
39.75,10.75,5310,10.71994354,39.87304068,Ethiopia,ETH,Africa,Eastern Africa,Kemse,Kemse,86213.23242,6
39.75,10.75,5301,10.91654836,39.78899988,Ethiopia,ETH,Africa,Eastern Africa,Harbu,Harbu,72371.84717000001,6
39.75,10.75,5303,10.69958786,39.78060919,Ethiopia,ETH,Africa,Eastern Africa,,-,67532.14844,6
39.75,10.75,5327,10.55168554,39.93845198,Ethiopia,ETH,Africa,Eastern Africa,Chaffa Robit,Chaffa Robit,57888.81885,6
39.75,10.75,5282,10.548972,39.60212477,Ethiopia,ETH,Africa,Eastern Africa,Rabel,Rabel; Dasa; Darat Abo Bete Kristiyan,57784.38281,6
39.75,10.75,5285,10.87873591,39.64894161,Ethiopia,ETH,Africa,Eastern Africa,Degaga,Degaga,56620.89453,6
39.75,24.25,4907,24.45961838,39.59102661,Saudi Arabia,SAU,Asia,Western Asia,Medina,Medina,1106400.752,1
39.75,43.75,4425,43.59338516,39.73247388,Russia,RUS,Europe,Eastern Europe,Sochi,Sochi,83203.02135,1
39.75,57.75,3739,57.62326389,39.86295174,Russia,RUS,Europe,Eastern Europe,Yaroslavl,Yaroslavl,526682.9855,1
40.25,0.25,5417,0.00404384,40.37506305,Kenya,KEN,Africa,Eastern Africa,Hagadera Refugee Camp,Hagadera Refugee Camp,112297.7021,2
40.25,0.25,5412,0.052569917,40.31021792,Kenya,KEN,Africa,Eastern Africa,Dadaab,Dadaab,95840.17969,2
40.75,37.25,4642,37.19010373,40.5847476,Turkey,TUR,Asia,Western Asia,Kızıltepe,Kızıltepe,77559.03796,1
42.25,57.25,3946,57.44402896,42.13584973,Russia,RUS,Europe,Eastern Europe,Kineshma,Kineshma; Zavolzhsk,77902.28195,1
42.75,-0.25,5572,-0.359228647,42.54740767,Somalia,SOM,Africa,Eastern Africa,Kismayo,Kismayo,191307.9923,1
43.25,-11.75,5588,-11.704499900000002,43.25524842,Comoros,COM,Africa,Eastern Africa,Moroni,Moroni,127798.1635,1
43.25,35.75,5062,35.73731779999999,43.28787014,Iraq,IRQ,Asia,Western Asia,Gaiyara,Gaiyara,375037.7178,3
43.25,35.75,5058,35.8678635,43.30053963,Iraq,IRQ,Asia,Western Asia,Al Khan,Al Khan; Al Hawd al Fawqani; الحود فوقاني; Al Lazakah; Al Hawd at Tahtani; Qaryat al Hawd; الحود التحتاني; Qaryat al Hamidiyah ash Sharqi; Hamidiyah Sharqi; Hawd; Al Hawd; Qaryat al Hamidiyah ash Sharqiyah; Al Hawd; قرية الحود,63974.5694,3
43.25,35.75,5055,35.92699941,43.31176545,Iraq,IRQ,Asia,Western Asia,Qaryat Arfaylah,Qaryat Arfaylah; Manqur Atiq; Qaryat Tulul an Nasir; Manguba Jadid; Qaryat Tall ash Shawk; Husayn Awwad; Adchaych; Akjij; Qaryat Umm al Manasis; Qaryat Hadhrat al Fadil; Duwaizat; Ninaah; Daynach; Duwaizat; Qaryat al Bakr al Anaj; Ash Shuwayrah,57401.95337,3
43.25,39.25,4874,39.02923556,43.35721891,Turkey,TUR,Asia,Western Asia,Erciş,Erciş,84840.68835,1
43.75,26.25,5470,26.07937384,43.98875639,Saudi Arabia,SAU,Asia,Western Asia,Unaizah,Unaizah,286369.9874,2
43.75,26.25,5462,26.34935876,43.96349223,Saudi Arabia,SAU,Asia,Western Asia,Buraydah,Buraydah,271026.1417,2
43.75,43.75,4676,43.67804134,43.54085795,Russia,RUS,Europe,Eastern Europe,Baksan,Baksan; Dygulybgey,58888.97912999999,1
44.25,46.25,4630,46.31076507,44.26140734,Russia,RUS,Europe,Eastern Europe,Elista,Elista,88518.32446,1
44.75,32.75,5398,32.92797049,44.77444849,Iraq,IRQ,Asia,Western Asia,As Suwayrah,As Suwayrah,57197.23804,1
45.75,37.25,5355,37.48154099,45.88853587,Iran,IRN,Asia,South-Central Asia,Ajab Shir,Ajab Shir,54388.36353,1
46.75,30.75,5592,30.96411991,46.99407676,Iraq,IRQ,Asia,Western Asia,قضاء الجبايش,قضاء الجبايش,54636.70752,1
47.25,-19.75,5773,-19.61848273,47.13887589,Madagascar,MDG,Africa,Eastern Africa,Sambaina,Sambaina; Ambohibary; Mahatsinjo,71399.32617,5
47.25,-19.75,5770,-19.74262047,47.05272743,Madagascar,MDG,Africa,Eastern Africa,,-,65739.26563,5
47.25,-19.75,5769,-19.7964249,47.05219742,Madagascar,MDG,Africa,Eastern Africa,Miadana,Miadana; Ambano; Ambatotokana,57013.63672,5
47.25,-19.75,5783,-19.65847867,47.32045228,Madagascar,MDG,Africa,Eastern Africa,Antanifotsy,Antanifotsy,56986.13464,5
47.25,-19.75,5767,-19.85475222,47.03462491,Madagascar,MDG,Africa,Eastern Africa,Antsirabe,Antsirabe,52801.47925,5
47.25,17.25,5788,17.49070646,47.11295987,Saudi Arabia,SAU,Asia,Western Asia,Sharurah,Sharurah,76559.61168999999,1
47.75,29.25,5691,29.33767532,47.67602747,Kuwait,KWT,Asia,Western Asia,Al Jahra,Al Jahra,82422.71557999999,2
47.75,29.25,5693,29.3048033,47.72578469,Kuwait,KWT,Asia,Western Asia,Jaber Al-Ahmad,Jaber Al-Ahmad,69665.9552,2
47.75,30.25,5695,30.04149586,47.93183870000001,Iraq;Kuwait,IRQ; KWT,Asia,Western Asia,Umm Qasr,Umm Qasr,112363.1833,3
47.75,30.25,5673,30.384541100000003,47.70702264,Iraq,IRQ,Asia,Western Asia,Az Zubayr,Az Zubayr,102386.6653,3
47.75,30.25,5690,30.44769681,47.99499474,Iraq,IRQ,Asia,Western Asia,Abu Al-Khaseeb,Abu Al-Khaseeb; Nahiyat Atbah,83970.40344,3
48.25,29.25,5705,29.25631694,48.00970147,Kuwait,KWT,Asia,Western Asia,Kuwait City,Kuwait City,3168016.413,2
48.25,29.25,5717,29.08730658,48.06925799,Kuwait,KWT,Asia,Western Asia,Ahmadi,Ahmadi,53383.35779,2
48.75,37.75,5552,37.79276073,48.90873751,Iran,IRN,Asia,South-Central Asia,Talesh,Talesh,75388.86719,1
48.75,38.25,5532,38.42407837,48.86910688,Iran;Azerbaijan,IRN; AZE,Asia,South-Central Asia,Astara,Astara; Astara,65662.04003999999,1
48.75,39.25,5486,39.21004593,48.51251032,Azerbaijan,AZE,Asia,Western Asia,Cəlilabad,Cəlilabad,93249.05011,2
48.75,39.25,5505,39.03035254,48.66347375,Azerbaijan,AZE,Asia,Western Asia,Masallı,Masallı,65684.51807,2
49.25,55.75,4552,55.79752053,49.13336971,Russia,RUS,Europe,Eastern Europe,Kazan,Kazan,1028391.123,1
50.25,35.25,5728,35.0254219,50.35582725,Iran,IRN,Asia,South-Central Asia,Saveh,Saveh,168649.2913,1
51.25,33.75,5786,33.98588987,51.41800799,Iran,IRN,Asia,South-Central Asia,Kashan,Kashan,251966.7851,1
51.25,51.25,5136,51.23579614,51.41404515,Kazakhstan,KAZ,Asia,South-Central Asia,Oral,Oral,208766.4167,1
53.75,28.75,5883,28.51076083,53.57027061,Iran,IRN,Asia,South-Central Asia,Jahrom,Jahrom,153625.4861,2
53.75,28.75,5882,28.94290951,53.63630536,Iran,IRN,Asia,South-Central Asia,Fasa,Fasa,105402.8597,2
59.25,36.25,5916,36.43856536,59.42596135,Iran,IRN,Asia,South-Central Asia,Rooh Abad,Rooh Abad; Chah Khase; Chahar Fasl; Shamsabad; Ahmadabad Moghbel; Virani,103227.5396,1
59.75,55.25,5531,55.17400961,59.65344653,Russia,RUS,Europe,Eastern Europe,Zlatoust,Zlatoust,65691.55005,1
63.25,61.25,5380,61.31317878,63.33970743,Russia,RUS,Europe,Eastern Europe,Yugorsk,Yugorsk,50528.45862,1
66.25,39.75,5979,39.89923219,66.26653957,Uzbekistan,UZB,Asia,South-Central Asia,Katta-Kurgan,Katta-Kurgan,153433.3407,1
66.75,29.25,6124,29.02487944,66.58786432,Pakistan,PAK,Asia,South-Central Asia,Kalat,Kalat,67877.86975,1
68.25,33.75,6114,33.53763483,68.41687761,Afghanistan,AFG,Asia,South-Central Asia,Ghazni,Ghazni,153774.5198,1
68.75,35.75,6085,35.96145324,68.69741889,Afghanistan,AFG,Asia,South-Central Asia,Puli Khumri,Puli Khumri,214258.1014,1
69.75,32.25,6162,32.29896356,69.58150986,Pakistan,PAK,Asia,South-Central Asia,Wana,Wana,62015.34766,1
69.75,33.25,6153,33.33726003,69.93917272,Afghanistan,AFG,Asia,South-Central Asia,Khost,Khost,102507.7754,3
69.75,33.25,6152,33.27304306,69.83184469,Afghanistan,AFG,Asia,South-Central Asia,,-,83464.09375,3
69.75,33.25,6154,33.368292600000004,69.96307274,Afghanistan,AFG,Asia,South-Central Asia,,-,51154.49023,3
69.75,36.75,6100,36.73345574,69.54780298,Afghanistan,AFG,Asia,South-Central Asia,Taloqan,Taloqan,162417.8198,1
70.25,28.25,6313,28.41729405,70.29946671,Pakistan,PAK,Asia,South-Central Asia,Rahimyar Khan,Rahimyar Khan,274839.1423,2
70.25,28.25,6305,28.30361559,70.11311976,Pakistan,PAK,Asia,South-Central Asia,Sadiqabad,Sadiqabad,158902.95,2
70.25,34.75,6144,34.67768236,70.20672602,Afghanistan,AFG,Asia,South-Central Asia,Mihtarlam,Mihtarlam,122762.6257,1
70.75,29.75,6298,29.63154561,70.58508908,Pakistan,PAK,Asia,South-Central Asia,Jampur,Jampur,208805.4139,3
70.75,29.75,6293,29.87669586,70.64458947,Pakistan,PAK,Asia,South-Central Asia,Kot Chutta,Kot Chutta,106980.9971,3
70.75,29.75,6303,29.5477967,70.60216709,Pakistan,PAK,Asia,South-Central Asia,,-,57370.93811,3
70.75,40.25,6067,40.12198385,70.62597036,Tajikistan,TJK,Asia,South-Central Asia,Isfara,Isfara,60615.92407000001,2
70.75,40.25,6066,40.38601129,70.82027271,Uzbekistan,UZB,Asia,South-Central Asia,Yaypan,Yaypan; Nursux,55035.30713,2
72.75,23.75,6677,23.59325229,72.96399186,India,IND,Asia,South-Central Asia,Himatnagar,Himatnagar,186736.0712,4
72.75,23.75,6631,23.7020186,72.53838658,India,IND,Asia,South-Central Asia,Visnagar,Visnagar,174352.35199999998,4
72.75,23.75,6660,23.55437469,72.73953348,India,IND,Asia,South-Central Asia,Vijapur,Vijapur,67585.85537,4
72.75,23.75,6641,23.78302658,72.63285403,India,IND,Asia,South-Central Asia,Vadnagar,Vadnagar,55935.09851,4
72.75,32.75,6342,32.93370254,72.85188015,Pakistan,PAK,Asia,South-Central Asia,Chakwal,Chakwal,380689.0858,2
72.75,32.75,6349,32.7148372,72.90982437,Pakistan,PAK,Asia,South-Central Asia,Katas Raj Dham,Katas Raj Dham,84005.86859,2
73.25,34.25,6323,34.19086747,73.23266806,Pakistan,PAK,Asia,South-Central Asia,Abbottabad,Abbottabad,960783.0313,6
73.25,34.25,6321,34.33312752,73.20640061,Pakistan,PAK,Asia,South-Central Asia,Mansehra,Mansehra,465954.5782,6
73.25,34.25,6339,34.36780985,73.46865277,Pakistan,PAK,Asia,South-Central Asia,Muzaffarabad,Muzaffarabad,329098.8946,6
73.25,34.25,6319,34.43095647,73.23873881,Pakistan,PAK,Asia,South-Central Asia,Dhudial,Dhudial; Shinkiari; Jabbori,126720.684,6
73.25,34.25,6327,34.05062818,73.155491,Pakistan,PAK,Asia,South-Central Asia,Havelian,Havelian,106307.1774,6
73.25,34.25,6331,34.41142135,73.37245563,Pakistan,PAK,Asia,South-Central Asia,Garhi Habibullah,Garhi Habibullah,74903.00891,6
73.75,4.25,7464,4.178705836000002,73.51213453,Maldives,MDV,Asia,South-Central Asia,Malé,Malé,131839.3853,1
74.25,14.25,7378,14.27860376,74.43595135,India,IND,Asia,South-Central Asia,Honnavar,Honnavar,81297.83212,2
74.25,14.25,7366,14.43005254,74.40418198,India,IND,Asia,South-Central Asia,Kumta,Kumta,80560.3348,2
74.25,17.25,7188,17.28743511,74.18394164,India,IND,Asia,South-Central Asia,Karad,Karad; Malkapur,194608.5713,2
74.25,17.25,7213,17.05618704,74.26320558,India,IND,Asia,South-Central Asia,Islampur,Islampur,161802.2511,2
74.25,20.75,7024,20.59106451,74.19855822,India,IND,Asia,South-Central Asia,Satana,Satana,142699.7318,3
74.25,20.75,7023,20.994369100000004,74.31520646,India,IND,Asia,South-Central Asia,Sakri,Sakri,87388.0083,3
74.25,20.75,6991,20.95285786,74.12027548,India,IND,Asia,South-Central Asia,Pimpalner,Pimpalner,54448.38794,3
74.75,18.75,7226,18.61428982,74.69603108,India,IND,Asia,South-Central Asia,Shrigonda,Shrigonda,78963.01465,2
74.75,18.75,7172,18.95820537,74.51997261,India,IND,Asia,South-Central Asia,Supe,Supe,50574.19543,2
74.75,26.75,6772,26.57652259,74.86033711,India,IND,Asia,South-Central Asia,Kishangarh,Kishangarh,319508.1971,2
74.75,26.75,6743,26.87960659,74.76811641,India,IND,Asia,South-Central Asia,Parbatsar,Parbatsar,89557.74818,2
75.25,13.75,7552,13.68869415,75.23402369,India,IND,Asia,South-Central Asia,Tirthahalli,Tirthahalli,75225.4593,2
75.25,13.75,7583,13.53451194,75.36654918,India,IND,Asia,South-Central Asia,Koppa,Koppa,56710.10046,2
75.25,19.25,7290,19.17464269,75.16959428,India,IND,Asia,South-Central Asia,Pathardi,Pathardi,114989.092,3
75.25,19.25,7289,19.35377728,75.21871646,India,IND,Asia,South-Central Asia,Shevgaon,Shevgaon,102437.1567,3
75.25,19.25,7315,19.47266754,75.38987014,India,IND,Asia,South-Central Asia,Paithan,Paithan,70914.25775,3
75.25,21.75,7131,21.6864822,75.09803158,India,IND,Asia,South-Central Asia,Sendhwa,Sendhwa,225056.7174,2
75.25,21.75,7120,21.94037393,75.13100128,India,IND,Asia,South-Central Asia,,-,75759.44678,2
75.75,17.75,7509,17.65555096,75.92080282,India,IND,Asia,South-Central Asia,Solapur,Solapur,1059904.26,1
76.25,12.75,7754,12.99696472,76.10819151,India,IND,Asia,South-Central Asia,Hassan,Hassan,324223.8047,5
76.25,12.75,7860,12.65627144,76.48474774,India,IND,Asia,South-Central Asia,Krishnarajapete,Krishnarajapete; Hosaholalu; Agrahara Bachahalli; Pura; Chaudenahalli; Hemmanahalli; Kattaraghatta; Billaramanahalli; Honnenahalli; Nadabha; Anuvinakatte; Chikkahosahalli; Chikkonahalli; Guddenahalli; Kallahalli; Komanahalli,151147.8341,5
76.25,12.75,7817,12.90464505,76.3842392,India,IND,Asia,South-Central Asia,Channarayapattana,Channarayapattana,143232.1946,5
76.25,12.75,7793,12.78486968,76.24268167,India,IND,Asia,South-Central Asia,Holenarasipura,Holenarasipura,134687.9334,5
76.25,12.75,7765,12.76241422,76.06370212,India,IND,Asia,South-Central Asia,Arkalgud,Arkalgud,65567.22192000001,5
76.75,25.75,7151,25.67301283,76.69314725,India,IND,Asia,South-Central Asia,Sheopur,Sheopur,157316.7144,1
76.75,30.75,6760,30.7111596,76.76054659999998,India,IND,Asia,South-Central Asia,Chandigarh,Chandigarh,2169863.467,5
76.75,30.75,6805,30.82614146,76.93775450000003,India,IND,Asia,South-Central Asia,Kalka,Kalka; Pinjore; Parwanoo,149166.9259,5
76.75,30.75,6770,30.92923109,76.82372037,India,IND,Asia,South-Central Asia,Baddi,Baddi,97785.92796,5
76.75,30.75,6726,30.96462432,76.52718164,India,IND,Asia,South-Central Asia,Rupnagar,Rupnagar,85456.5863,5
76.75,30.75,6814,30.59566405,76.86172289,India,IND,Asia,South-Central Asia,Dera Bassi,Dera Bassi,79137.23272999999,5
76.75,43.25,6174,43.26431692,76.90272911,Kazakhstan,KAZ,Asia,South-Central Asia,Almaty,Almaty,1730584.312,1
76.75,66.25,5645,66.08379928,76.6465798,Russia,RUS,Europe,Eastern Europe,Novy Urengoy,Novy Urengoy,96123.24817,1
77.75,19.75,7710,19.90567464,77.56176665,India,IND,Asia,South-Central Asia,Pusad,Pusad,266850.7976,2
77.75,19.75,7758,19.6019338,77.6867113,India,IND,Asia,South-Central Asia,Umarkhed,Umarkhed,68098.26074,2
78.25,10.75,8304,10.95850353,78.06965091,India,IND,Asia,South-Central Asia,Karur,Karur,314601.5758,5
78.25,10.75,8373,10.94973379,78.40902164,India,IND,Asia,South-Central Asia,Musiri,Musiri; Kulithalai,313787.6178,5
78.25,10.75,8413,10.60528001,78.42327727,India,IND,Asia,South-Central Asia,Manapparai,Manapparai,171204.282,5
78.25,10.75,8322,10.71529077,78.10335647,India,IND,Asia,South-Central Asia,Palaiyam,Palaiyam,77934.61353,5
78.25,10.75,8346,10.95910872,78.25760828,India,IND,Asia,South-Central Asia,Sriramasamudram,Sriramasamudram; Seelaipillaiyarputhur,60328.16504,5
78.25,12.75,8274,12.52924393,78.21261371,India,IND,Asia,South-Central Asia,Krishnagiri,Krishnagiri,258728.8441,5
78.25,12.75,8266,12.9553964,78.26669459,India,IND,Asia,South-Central Asia,Kolar Gold Fields,Kolar Gold Fields,216929.7427,5
78.25,12.75,8255,12.99063368,78.21085126,India,IND,Asia,South-Central Asia,Bangarapete,Bangarapete,166258.6017,5
78.25,12.75,8303,12.74812478,78.35230439,India,IND,Asia,South-Central Asia,Kuppam,Kuppam,94015.62714,5
78.25,12.75,8236,12.51749479,78.02889362,India,IND,Asia,South-Central Asia,Rayakottai,Rayakottai,58813.17603,5
78.25,15.25,8191,15.46923701,78.48756604,India,IND,Asia,South-Central Asia,Nandyal,Nandyal,253930.4597,2
78.25,15.25,8114,15.46255448,78.15571945,India,IND,Asia,South-Central Asia,Bethamcherla,Bethamcherla,72723.24048,2
78.25,24.25,7516,24.4070381,78.09685551,India,IND,Asia,South-Central Asia,Mungaoli,Mungaoli,160056.761,4
78.25,24.25,7581,24.04645702,78.32728498,India,IND,Asia,South-Central Asia,Khurai,Khurai,153513.5598,4
78.25,24.25,7550,24.17351861,78.19107032,India,IND,Asia,South-Central Asia,Bina Etawa,Bina Etawa,136846.6311,4
78.25,24.25,7528,24.11930792,78.04132371,India,IND,Asia,South-Central Asia,Kurwai,Kurwai,73921.39478,4
78.75,11.75,8412,11.59698761,78.61303653,India,IND,Asia,South-Central Asia,Attur,Attur; Narasingapuram,166021.5388,5
78.75,11.75,8494,11.73314145,78.96444658,India,IND,Asia,South-Central Asia,Kallakkurichi,Kallakkurichi,117584.72,5
78.75,11.75,8476,11.63592483,78.87888393,India,IND,Asia,South-Central Asia,Chinnasalem,Chinnasalem,56427.81909,5
78.75,11.75,8475,11.88791125,78.91893159,India,IND,Asia,South-Central Asia,Sankarapuram,Sankarapuram,56209.44336000001,5
78.75,11.75,8435,11.58477367,78.72558743,India,IND,Asia,South-Central Asia,Talaivasal,Talaivasal,51769.63519,5
79.25,9.75,8587,9.735309739,79.01468078,India,IND,Asia,South-Central Asia,Tondi,Tondi,58453.25317,1
79.25,19.25,8178,19.35285845,79.48086206,India,IND,Asia,South-Central Asia,Kaghaznagar,Kaghaznagar,96314.33203,2
79.25,19.25,8206,19.06547595,79.48808385,India,IND,Asia,South-Central Asia,Bellampalli,Bellampalli,81785.48071,2
79.75,28.75,7497,28.62326789,79.80966924,India,IND,Asia,South-Central Asia,Pilibhit,Pilibhit,660788.1737,7
79.75,28.75,7476,28.53871796,79.63507338,India,IND,Asia,South-Central Asia,Nawabganj,Nawabganj,312359.3799,7
79.75,28.75,7501,28.91594991,79.96551740000002,India,IND,Asia,South-Central Asia,Khatīma,Khatīma,214739.7246,7
79.75,28.75,7462,28.92530934,79.70488611,India,IND,Asia,South-Central Asia,Sitarganj,Sitarganj,95192.52222,7
79.75,28.75,7446,28.69524493,79.52579782,India,IND,Asia,South-Central Asia,,-,75346.23169,7
79.75,28.75,7472,28.52951324,79.57219597,India,IND,Asia,South-Central Asia,Sainthal,Sainthal,72409.94507,7
79.75,28.75,7424,28.90928506,79.50997396,India,IND,Asia,South-Central Asia,Kichha,Kichha,61875.56396,7
80.25,15.75,8550,15.50993625,80.03827796,India,IND,Asia,South-Central Asia,Ongole,Ongole,246739.0217,3
80.25,15.75,8609,15.81684677,80.34730826,India,IND,Asia,South-Central Asia,Chirala,Chirala; Vetapalem,218713.6101,3
80.25,15.75,8637,15.90522655,80.46958827,India,IND,Asia,South-Central Asia,Bapatla,Bapatla,98854.90161,3
80.25,21.75,8157,21.81998379,80.20209897,India,IND,Asia,South-Central Asia,Balaghat,Balaghat,112702.6185,1
80.75,16.75,8628,16.511188399999998,80.64966395,India,IND,Asia,South-Central Asia,Vijayawada,Vijayawada,1356195.3,4
80.75,16.75,8671,16.78930717,80.84370467,India,IND,Asia,South-Central Asia,Nuzvid,Nuzvid,108837.1111,4
80.75,16.75,8679,16.55036787,80.82240199,India,IND,Asia,South-Central Asia,Malapalli,Malapalli; Pedda Avutapalli; Anapuram; Davajigudem; Chinna Avutapalli; Marlapalem; Christianpeta; Atkuru; Apparaopeta; Pottipadu,79459.94787999999,4
80.75,16.75,8627,16.75504363,80.64031142,India,IND,Asia,South-Central Asia,Madavaram,Madavaram; Mylavaram; Velvadam; Pondugula; Gurrajupalem; Pichukalamalapalli; Sabjapadu,52077.58789,4
81.75,7.75,9222,7.701621667,81.71394278,Sri Lanka,LKA,Asia,South-Central Asia,Batticaloa,Batticaloa,125684.9501,2
81.75,7.75,9192,7.914546724,81.53051936,Sri Lanka,LKA,Asia,South-Central Asia,Valaichchenai EP,Valaichchenai EP,55066.90991,2
81.75,27.25,8078,27.1381103,81.96232773,India,IND,Asia,South-Central Asia,Gonda,Gonda,1066419.198,8
81.75,27.25,8017,27.12786932,81.69261839,India,IND,Asia,South-Central Asia,Colonelganj,Colonelganj,471781.4395,8
81.75,27.25,7968,27.15390816,81.52819461,India,IND,Asia,South-Central Asia,Kaisarganj,Kaisarganj,196446.5472,8
81.75,27.25,8047,27.03593504,81.7769624,India,IND,Asia,South-Central Asia,Paraspur,Paraspur,105826.6597,8
81.75,27.25,7965,27.25155029,81.54766532,India,IND,Asia,South-Central Asia,,-,105684.2283,8
81.75,27.25,7980,27.11342564,81.52850011,India,IND,Asia,South-Central Asia,Jarwal,Jarwal,103645.3365,8
81.75,27.25,8034,27.20503169,81.78936742,India,IND,Asia,South-Central Asia,,-,98488.0625,8
81.75,27.25,7945,27.42359235,81.52067134,India,IND,Asia,South-Central Asia,,-,91476.25488,8
82.25,17.75,8961,17.86778408,82.42583667,India,IND,Asia,South-Central Asia,Gondigaruvu,Gondigaruvu; Bhimasingi; Mamidipalli; Chintaluru,75918.38281,1
82.25,26.75,8123,26.77031727,82.13750374,India,IND,Asia,South-Central Asia,Faizabad,Faizabad,1825357.25,6
82.25,26.75,8166,26.6037669,82.13253492,India,IND,Asia,South-Central Asia,Khajurhat,Khajurhat,109798.6887,6
82.25,26.75,8207,26.77704178,82.38235047,India,IND,Asia,South-Central Asia,,-,71795.33521,6
82.25,26.75,8149,26.55664615,82.01178462,India,IND,Asia,South-Central Asia,,-,67073.36937999999,6
82.25,26.75,8174,26.53850311,82.13200505,India,IND,Asia,South-Central Asia,,-,61915.71875,6
82.25,26.75,8234,26.57141455,82.38363083,India,IND,Asia,South-Central Asia,Samda,Samda,60375.52734,6
83.25,21.75,8867,21.90205282,83.38078776,India,IND,Asia,South-Central Asia,Raigarh,Raigarh,200093.2792,1
83.25,27.75,8365,27.65502236,83.47017857,Nepal,NPL,Asia,South-Central Asia,Tilottama,Tilottama; ,65687.06738,1
83.75,28.25,8421,28.20895333,83.98736073,Nepal,NPL,Asia,South-Central Asia,Pokhara,Pokhara,252903.3301,1
84.25,23.25,8915,23.39734824,84.10842013,India,IND,Asia,South-Central Asia,Mahuandanr,Mahuandanr,63439.70507999999,1
84.25,24.75,8760,24.9563025,84.0395733,India,IND,Asia,South-Central Asia,Sasaram,Sasaram,331368.0949,9
84.25,24.75,8794,24.90433255,84.17456228,India,IND,Asia,South-Central Asia,Dehri,Dehri,274273.7017,9
84.25,24.75,8778,24.68423182,83.99975422,India,IND,Asia,South-Central Asia,Rohtas,Rohtas,227167.9458,9
84.25,24.75,8841,24.75433254,84.36847218,India,IND,Asia,South-Central Asia,Aurangabad,Aurangabad,165133.4427,9
84.25,24.75,8795,24.53159077,84.00075399,India,IND,Asia,South-Central Asia,Hussainabad,Hussainabad; Japla,142748.0278,9
84.25,24.75,8833,24.89539311,84.37937318,India,IND,Asia,South-Central Asia,Obra,Obra,112963.3577,9
84.25,24.75,8836,24.62982885,84.28076787,India,IND,Asia,South-Central Asia,Kutumba,Kutumba,85558.82153,9
84.25,24.75,8785,24.81008826,84.08288287,India,IND,Asia,South-Central Asia,Tilouthu,Tilouthu,61407.61182000001,9
84.25,24.75,8810,24.60426816,84.12444604,India,IND,Asia,South-Central Asia,Nabinagar,Nabinagar,51110.92456,9
84.75,23.25,9053,23.04088526,84.54559181,India,IND,Asia,South-Central Asia,Gumla,Gumla,176205.1387,3
84.75,23.25,9052,23.43756831,84.6879313,India,IND,Asia,South-Central Asia,Lohardaga,Lohardaga,150171.4189,3
84.75,23.25,9078,23.16621617,84.74493795,India,IND,Asia,South-Central Asia,Sisai,Sisai,72193.979,3
85.75,22.25,9315,22.41954695,85.74797504,India,IND,Asia,South-Central Asia,,-,126184.7729,5
85.75,22.25,9309,22.2209728,85.63753894,India,IND,Asia,South-Central Asia,Jagannathpur,Jagannathpur,60697.54565,5
85.75,22.25,9296,22.48344687,85.67990988,India,IND,Asia,South-Central Asia,,-,54605.19922,5
85.75,22.25,9334,22.07107164,85.6647365,India,IND,Asia,South-Central Asia,,-,53333.66431,5
85.75,22.25,9375,22.09396928,85.87729998,India,IND,Asia,South-Central Asia,Majhgaon,Majhgaon,53122.95068,5
86.25,21.25,9477,21.21029867,86.11818279,India,IND,Asia,South-Central Asia,Anandpur,Anandpur,98262.21643,2
86.25,21.25,9521,21.49617523,86.49234866,India,IND,Asia,South-Central Asia,Kaptipada,Kaptipada,70228.61609,2
87.25,24.25,9469,24.26918177,87.24766355,India,IND,Asia,South-Central Asia,Dumka,Dumka,217872.6492,5
87.25,24.25,9437,24.24104042,87.01683022,India,IND,Asia,South-Central Asia,Palojori,Palojori,167646.9775,5
87.25,24.25,9466,24.30527492,87.22199235,India,IND,Asia,South-Central Asia,New Madanpur,New Madanpur,94596.3125,5
87.25,24.25,9439,24.47709321,87.12634254,India,IND,Asia,South-Central Asia,,-,91913.05713,5
87.25,24.25,9440,24.39326832,87.08515278,India,IND,Asia,South-Central Asia,Jarmundi,Jarmundi,70559.03809,5
87.75,44.25,7086,44.14973488,87.98351912,China,CHN,Asia,Eastern Asia,Fukang,Fukang,65426.92554,2
87.75,44.25,7010,44.15930735,87.53383837,China,CHN,Asia,Eastern Asia,Wujiaqu,Wujiaqu,53549.08533,2
88.25,22.75,9683,22.65744097,88.00205954,India,IND,Asia,South-Central Asia,,-,242892.7281,5
88.25,22.75,9671,22.85784515,88.01007212,India,IND,Asia,South-Central Asia,Tarkeshwar,Tarkeshwar,225708.1632,5
88.25,22.75,9693,22.6218426,88.03861572,India,IND,Asia,South-Central Asia,,-,136648.2011,5
88.25,22.75,9703,22.73594428,88.17160891,India,IND,Asia,South-Central Asia,Masat,Masat,101155.5905,5
88.25,22.75,9664,22.94845042,88.00414172,India,IND,Asia,South-Central Asia,Dashghara,Dashghara,81325.0096,5
88.25,25.75,9505,25.62259315,88.12960562,India,IND,Asia,South-Central Asia,Raiganj,Raiganj,667206.1884,7
88.25,25.75,9532,25.8609976,88.36024338,Bangladesh,BGD,Asia,South-Central Asia,Pirganj (পীরগঞ্জ),Pirganj (পীরগঞ্জ),199974.0327,7
88.25,25.75,9557,25.80019414,88.45926327,Bangladesh,BGD,Asia,South-Central Asia,বোচাগঞ্জ,বোচাগঞ্জ,154208.4722,7
88.25,25.75,9512,25.89491238,88.26220931,Bangladesh,BGD,Asia,South-Central Asia,Ranisankail,Ranisankail,120890.0627,7
88.25,25.75,9487,25.54132006,88.00959979,India,IND,Asia,South-Central Asia,,-,116690.6476,7
88.25,25.75,9547,25.63493649,88.32938048,India,IND,Asia,South-Central Asia,Kaliyaganj,Kaliyaganj,92913.63571,7
88.25,25.75,9504,25.98334211,88.26469770000001,Bangladesh,BGD,Asia,South-Central Asia,,-,53079.99219,7
88.75,22.75,9799,22.6761953,88.86111957,India,IND,Asia,South-Central Asia,Basirhat,Basirhat,276981.7548,11
88.75,22.75,9760,22.83660223,88.64300483,India,IND,Asia,South-Central Asia,Habra,Habra; Ashoknagar-Kalyangarh,239079.9242,11
88.75,22.75,9789,22.72287396,88.78050859,India,IND,Asia,South-Central Asia,Baduria,Baduria,146666.6444,11
88.75,22.75,9774,22.67907899,88.69647063,India,IND,Asia,South-Central Asia,,-,136682.7189,11
88.75,22.75,9776,22.96723005,88.78700086,India,IND,Asia,South-Central Asia,Gaighata,Gaighata; Gaighata,113231.1069,11
88.75,22.75,9823,22.62017487,88.98801003,Bangladesh,BGD,Asia,South-Central Asia,Sakhipur,Sakhipur,97443.85602,11
88.75,22.75,9822,22.58001262,88.92367136,India;Bangladesh,IND; BGD,Asia,South-Central Asia,Taki,Taki,76393.8667,11
88.75,22.75,9765,22.7227548,88.62627513,India,IND,Asia,South-Central Asia,Sondalia,Sondalia,72826.82657,11
88.75,22.75,9803,22.8472661,88.8931345,India,IND,Asia,South-Central Asia,Swarupnagar,Swarupnagar,61116.31543,11
88.75,22.75,9742,22.94755618,88.55250816,India,IND,Asia,South-Central Asia,Haringhata,Haringhata,58565.35278,11
88.75,22.75,9806,22.95888343,88.96618996,Bangladesh,BGD,Asia,South-Central Asia,Shankarpur,Shankarpur,56241.22534,11
88.75,23.75,9741,23.63560264,88.83937668,Bangladesh,BGD,Asia,South-Central Asia,Chuadanga,Chuadanga; Damuhuda,188463.288,8
88.75,23.75,9730,23.92256279,88.92393595,Bangladesh,BGD,Asia,South-Central Asia,Aria,Aria; Amia; Sardapur,178129.1831,8
88.75,23.75,9706,23.7835897,88.63356737,Bangladesh,BGD,Asia,South-Central Asia,Meherpur,Meherpur,133540.2759,8
88.75,23.75,9749,23.75309853,88.94597642,Bangladesh,BGD,Asia,South-Central Asia,Alamdanga,Alamdanga,91699.74445,8
88.75,23.75,9743,23.52481485,88.79799397,Bangladesh,BGD,Asia,South-Central Asia,Darsana,Darsana,90062.76013,8
88.75,23.75,9714,23.5231893,88.54640497,India,IND,Asia,South-Central Asia,Chapra,Chapra,88198.32361,8
88.75,23.75,9697,23.98057622,88.63365349,India,IND,Asia,South-Central Asia,Karimpur,Karimpur,80516.48181,8
88.75,23.75,9713,23.66417633,88.60277629999999,Bangladesh;India,BGD; IND,Asia,South-Central Asia,Mujibnogor,Mujibnogor,56675.41528,8
88.75,25.75,9593,25.62459365,88.62559474,Bangladesh,BGD,Asia,South-Central Asia,Dinajpur,Dinajpur,320515.0505,6
88.75,25.75,9608,25.79221918,88.89938437,Bangladesh,BGD,Asia,South-Central Asia,Saidpur,Saidpur,246564.1016,6
88.75,25.75,9604,25.9315445,88.85591474,Bangladesh,BGD,Asia,South-Central Asia,Nilphamari,Nilphamari,193497.7991,6
88.75,25.75,9584,25.85807409,88.65385304,Bangladesh,BGD,Asia,South-Central Asia,,-,117919.7646,6
88.75,25.75,9618,25.65534738,88.91852579,Bangladesh,BGD,Asia,South-Central Asia,Parbatipur,Parbatipur,59066.76733,6
88.75,25.75,9597,25.79645277,88.75821778,Bangladesh,BGD,Asia,South-Central Asia,,-,55391.62149,6
89.75,22.75,9863,22.84014664,89.55533432,Bangladesh,BGD,Asia,South-Central Asia,Khulna,Khulna,1255281.529,4
89.75,22.75,9891,22.66160715,89.77431868,Bangladesh,BGD,Asia,South-Central Asia,Bagerhat,Bagerhat,100410.2117,4
89.75,22.75,9897,22.98392389,89.99806036,Bangladesh,BGD,Asia,South-Central Asia,Kutalipara,Kutalipara,68270.29778,4
89.75,22.75,9896,22.79199193,89.87444418,Bangladesh,BGD,Asia,South-Central Asia,Chitalmari,Chitalmari,54173.40671,4
89.75,23.75,9865,23.58576916,89.83286568,Bangladesh,BGD,Asia,South-Central Asia,Faridpur,Faridpur,276825.1479,4
89.75,23.75,9846,23.76078695,89.65824116,Bangladesh,BGD,Asia,South-Central Asia,Rajbari,Rajbari,118453.7012,4
89.75,23.75,9831,23.953532100000004,89.62415940000002,Bangladesh,BGD,Asia,South-Central Asia,Kashinathpur,Kashinathpur,60901.86719,4
89.75,23.75,9838,23.88537943,89.64447859,Bangladesh,BGD,Asia,South-Central Asia,Masundia,Masundia; Ruppur,53109.31104,4
90.25,56.25,6155,56.26488621,90.49949264,Russia,RUS,Europe,Eastern Europe,Achinsk,Achinsk,68715.57715,1
90.75,22.25,9985,22.33775902,90.72815825,Bangladesh,BGD,Asia,South-Central Asia,Lalmohan,Lalmohan,113946.2463,3
90.75,22.25,9994,22.18432468,90.76132099,Bangladesh,BGD,Asia,South-Central Asia,Charfasson,Charfasson,105447.9406,3
90.75,22.25,9995,22.41510216,90.85320426,Bangladesh,BGD,Asia,South-Central Asia,,-,69162.40723,3
92.25,26.75,9937,26.57708559,92.14066604,India,IND,Asia,South-Central Asia,Kharupetia,Kharupetia; Dalgoan,355656.5403,1
93.25,20.25,10110,20.36055071,93.27279283,Myanmar,MMR,Asia,South-Eastern Asia,Minbya,Minbya,116975.4001,2
93.25,20.25,10108,20.1773941,93.06769096,Myanmar,MMR,Asia,South-Eastern Asia,Pauktaw,Pauktaw,113344.8965,2
96.75,21.25,10209,21.24537547,96.86859203,Myanmar,MMR,Asia,South-Eastern Asia,Lawksawk,Lawksawk,54293.31689,1
97.75,4.25,10629,4.479333877,97.96493661,Indonesia,IDN,Asia,South-Eastern Asia,Langsa,Langsa,132088.8446,1
97.75,24.25,10196,24.00317455,97.87848587,China;Myanmar,CHN; MMR,Asia,Eastern Asia,Muse,Muse; Ruili; Ruili,163238.8571,1
99.75,1.75,10883,1.513137353,99.63121412,Indonesia,IDN,Asia,South-Eastern Asia,Gunung Tua,Gunung Tua,72009.33057,1
99.75,16.25,10522,16.4714315,99.5273196,Thailand,THA,Asia,South-Eastern Asia,Kamphaeng Phet,Kamphaeng Phet,72315.17255,1
100.25,5.25,10940,5.372127221,100.2897535,Malaysia,MYS,Asia,South-Eastern Asia,George Town,George Town,714446.8781,2
100.25,5.25,10956,5.3574553730000005,100.4364416,Malaysia,MYS,Asia,South-Eastern Asia,Bukit Mertajam,Bukit Mertajam; Butterworth,516338.8314,2
101.25,6.75,11082,6.550493655,101.2911778,Thailand,THA,Asia,South-Eastern Asia,Yala,Yala,111220.8118,2
101.25,6.75,11070,6.876511711,101.2552802,Thailand,THA,Asia,South-Eastern Asia,Pattani,Pattani,76557.63696,2
102.25,1.25,11252,1.476063991,102.1113491,Indonesia,IDN,Asia,South-Eastern Asia,Bengkalis,Bengkalis; Bengkalis Kota,52011.72665,1
102.75,35.75,10117,35.70762284,102.8665696,China,CHN,Asia,Eastern Asia,Jishishan,Jishishan,60039.05139,1
103.75,28.25,10392,28.24639761,103.6405621,China,CHN,Asia,Eastern Asia,Yongshan,Yongshan,92247.68124,1
103.75,52.75,8031,52.54952188,103.8906905,Russia,RUS,Europe,Eastern Europe,Angarsk,Angarsk,154020.005,1
104.25,28.75,10443,28.63240093,104.4009551,China,CHN,Asia,Eastern Asia,Xiangjiaba,Xiangjiaba,84618.32153,1
104.25,30.75,10297,30.68884238,104.0344387,China,CHN,Asia,Eastern Asia,Chengdu,Chengdu; Shuangliu; Chongzhou; 温江区; Qingbaijiang; Chenghua; Longquanyi; Qingyang; Jinjiang; Wuhou; Jinniu; Pidu; Xindu,9318649.156,5
104.25,30.75,10318,30.97906529,104.277459,China,CHN,Asia,Eastern Asia,Guanghan,Guanghan,188788.7129,5
104.25,30.75,10338,30.85027003,104.435897,China,CHN,Asia,Eastern Asia,Jintang,Jintang,97496.32251,5
104.25,30.75,10343,30.60517817,104.3016692,China,CHN,Asia,Eastern Asia,Luodai anient town,Luodai anient town,52988.74048,5
104.25,30.75,10341,30.83209993,104.4200883,China,CHN,Asia,Eastern Asia,,-,50804.62231,5
104.75,21.75,10972,21.71079222,104.8868399,Vietnam,VNM,Asia,South-Eastern Asia,Yên Bái,Yên Bái,102148.6392,2
104.75,21.75,10933,21.87961924,104.6847572,Vietnam,VNM,Asia,South-Eastern Asia,Mậu A,Mậu A,51176.10278,2
104.75,27.25,10576,27.42858373,104.8705965,China,CHN,Asia,Eastern Asia,Zhenxiong,Zhenxiong,123859.0596,3
104.75,27.25,10587,27.42235808,104.9679895,China,CHN,Asia,Eastern Asia,,-,81202.44409,3
104.75,27.25,10578,27.11360178,104.7100583,China,CHN,Asia,Eastern Asia,Hezhang,Hezhang,74104.23645,3
105.25,20.25,11138,20.46024418,105.4436162,Vietnam,VNM,Asia,South-Eastern Asia,Vụ Bản,Vụ Bản,54594.10303,1
105.25,37.75,10133,37.50667116,105.1953125,China,CHN,Asia,Eastern Asia,Zhongwei,Zhongwei; Shapotou,164455.656,1
106.25,32.25,10391,32.23301759,106.28607759999998,China,CHN,Asia,Eastern Asia,Wangcang,Wangcang,67802.44751,1
107.75,14.75,11868,14.51725224,107.9210696,Vietnam,VNM,Asia,South-Eastern Asia,Đắk Hà,Đắk Hà,51520.91357,1
107.75,21.75,11441,21.54073797,107.9699073,Vietnam;China,VNM; CHN,Asia,South-Eastern Asia,Mong Cai,Mong Cai; Dongxing,125104.2347,1
107.75,34.25,10377,34.31942234,107.5879365,China,CHN,Asia,Eastern Asia,Caijiapo,Caijiapo; Diaowei,78193.38892,2
107.75,34.25,10390,34.36800666,107.88089,China,CHN,Asia,Eastern Asia,Fufeng,Fufeng,61306.7421,2
108.25,-7.25,12136,-7.2860365489999985,108.1947535,Indonesia,IDN,Asia,South-Eastern Asia,Tasikmalaya,Tasikmalaya,2166830.636,2
108.25,-7.25,12122,-7.044347253,108.0014535,Indonesia,IDN,Asia,South-Eastern Asia,Malangbong,Malangbong,106674.7277,2
108.25,12.75,11959,12.67470295,108.0391085,Vietnam,VNM,Asia,South-Eastern Asia,Buôn Ma Thuột,Buôn Ma Thuột,254680.2571,3
108.25,12.75,11968,12.8163086,108.0791258,Vietnam,VNM,Asia,South-Eastern Asia,Quảng Phú,Quảng Phú; nông trường Ea Pốc,56655.60266,3
108.25,12.75,12014,12.8073259,108.450696,Vietnam,VNM,Asia,South-Eastern Asia,Ea Kar,Ea Kar,52140.60669,3
108.25,16.25,11821,16.04094152,108.1953831,Vietnam,VNM,Asia,South-Eastern Asia,Đà Nẵng,Đà Nẵng,1003279.358,1
108.75,29.75,10909,29.53095379,108.7791272,China,CHN,Asia,Eastern Asia,Qianjiang,Qianjiang,104551.0609,1
109.75,23.25,11575,23.1143262,109.6056831,China,CHN,Asia,Eastern Asia,Guigang,Guigang; Gangbei; 港南区,324439.069,1
109.75,28.75,11109,28.99508971,109.8483964,China,CHN,Asia,Eastern Asia,Yongshun,Yongshun,82703.39185,2
109.75,28.75,11108,28.71106781,109.6498748,China,CHN,Asia,Eastern Asia,Baojing,Baojing,54797.69263,2
110.75,21.75,11891,21.66741199,110.8982114,China,CHN,Asia,Eastern Asia,Maoming,Maoming; 茂南区,630968.61,5
110.75,21.75,11873,21.91383299,110.8531868,China,CHN,Asia,Eastern Asia,Gaozhou,Gaozhou,245670.378,5
110.75,21.75,11860,21.66227276,110.6371229,China,CHN,Asia,Eastern Asia,Huazhou,Huazhou,149679.8935,5
110.75,21.75,11877,21.54137597,110.7097719,China,CHN,Asia,Eastern Asia,Changqi,Changqi; Qianshui,108208.1606,5
110.75,21.75,11922,21.62895116,110.9799564,China,CHN,Asia,Eastern Asia,Poxin,Poxin,51192.89563,5
111.75,21.75,12029,21.8591088,111.9706871,China,CHN,Asia,Eastern Asia,Yangjiang,Yangjiang; 江城区; 阳东区,445967.6679,2
111.75,21.75,11994,21.75848191,111.6234997,China,CHN,Asia,Eastern Asia,Yangxi,Yangxi,106092.1209,2
111.75,39.25,10336,39.43590418,111.4999154,China,CHN,Asia,Eastern Asia,Pianguan,Pianguan,53472.60059,1
112.25,22.75,11975,22.94389406,112.0582787,China,CHN,Asia,Eastern Asia,Yunfu,Yunfu,218851.4839,2
112.25,22.75,12008,22.68861782,112.2242017,China,CHN,Asia,Eastern Asia,Xinxing,Xinxing,142365.6439,2
112.25,34.75,10860,34.66925728,112.4321052,China,CHN,Asia,Eastern Asia,Luoyang,Luoyang; Jianxi; Xigong; Chanhe; Luolong; Laocheng,1804860.197,4
112.25,34.75,10856,34.52905547,112.1929635,China,CHN,Asia,Eastern Asia,Yiyang,Yiyang,105748.4439,4
112.25,34.75,10834,34.72610263,112.1436942,China,CHN,Asia,Eastern Asia,Xin'an,Xin'an,84272.21448,4
112.25,34.75,10866,34.81826174,112.4368174,China,CHN,Asia,Eastern Asia,Mengjin,Mengjin,65217.42215,4
112.75,25.75,11854,25.74624629,112.7288833,China,CHN,Asia,Eastern Asia,Guiyang,Guiyang,130630.7177,1
113.25,23.75,12041,23.71279058,113.03223909999998,China,CHN,Asia,Eastern Asia,Qingyuan,Qingyuan; 清城区; 清新区,587780.0654,1
113.25,34.25,11072,34.17730849,113.4893898,China,CHN,Asia,Eastern Asia,Yuzhou,Yuzhou,312660.3595,4
113.25,34.25,10976,34.46435782,113.0163731,China,CHN,Asia,Eastern Asia,Dengfeng,Dengfeng,121844.8107,4
113.25,34.25,11039,34.45145561,113.4365037,China,CHN,Asia,Eastern Asia,Laiji,Laiji; Chaohua; Dakui,100132.3493,4
113.25,34.25,11016,34.44569313,113.2699865,China,CHN,Asia,Eastern Asia,Daye,Daye; Pingmo,58839.12341,4
113.75,-1.25,12676,-1.285982342,113.5746939,Indonesia,IDN,Asia,South-Eastern Asia,Jakatan Raya,Jakatan Raya; Linau; Tumbang Jutuh; Tumbang Bunut,52867.00903,1
113.75,36.25,10899,36.06817937,113.8192002,China,CHN,Asia,Eastern Asia,Linzhou,Linzhou,155071.3704,1
114.25,35.75,10992,35.74545037,114.2734953,China,CHN,Asia,Eastern Asia,Hebi,Hebi,215295.4402,5
114.25,35.75,10962,35.88942681,114.1729433,China,CHN,Asia,Eastern Asia,Shancheng,Shancheng,188612.113,5
114.25,35.75,10985,35.92164485,114.3612416,China,CHN,Asia,Eastern Asia,Tangyin,Tangyin,94089.70062,5
114.25,35.75,10955,35.95746985,114.1490877,China,CHN,Asia,Eastern Asia,Heshan,Heshan,93913.28955,5
114.25,35.75,11005,35.6052374,114.1959964,China,CHN,Asia,Eastern Asia,Qixian,Qixian,52246.90637,5
114.25,37.75,10773,37.65764647,114.3847914,China,CHN,Asia,Eastern Asia,Zanhuang,Zanhuang,54920.0141,1
114.75,24.75,12217,24.91013678,114.7997733,China,CHN,Asia,Eastern Asia,Longnan,Longnan,112583.0488,2
114.75,24.75,12186,24.74232953,114.5276093,China,CHN,Asia,Eastern Asia,Chengxiang,Chengxiang,66065.48187,2
114.75,38.75,10741,38.52040404,114.9717011,China,CHN,Asia,Eastern Asia,Dingzhou,Dingzhou,241199.2327,3
114.75,38.75,10714,38.73400182,114.9408803,China,CHN,Asia,Eastern Asia,Tang,Tang,96234.20483,3
114.75,38.75,10704,38.62398556,114.7158106,China,CHN,Asia,Eastern Asia,Quyang,Quyang,76384.81885,3
114.75,39.25,10624,39.36456479,114.7066197,China,CHN,Asia,Eastern Asia,Laiyuan,Laiyuan,90370.86115,1
115.25,23.25,12393,23.05905589,115.3940645,China,CHN,Asia,Eastern Asia,Gongping,Gongping,59543.55832999999,1
115.25,24.75,12248,24.77670827,115.0190458,China,CHN,Asia,Eastern Asia,Lishi,Lishi,86369.31982,1
115.75,38.25,10850,38.2313977,115.5217239,China,CHN,Asia,Eastern Asia,Anping,Anping,78197.23962000001,3
115.75,38.25,10821,38.48540636,115.5600848,China,CHN,Asia,Eastern Asia,Li,Li; Boye,70924.00801,3
115.75,38.25,10887,38.00756302,115.5308658,China,CHN,Asia,Eastern Asia,Shengzhou,Shengzhou,66866.62514,3
117.25,36.25,11317,36.17870771,117.1622818,China,CHN,Asia,Eastern Asia,Tai'an,Tai'an; 泰山区,709078.0696,1
118.25,24.75,12530,24.56953434,118.0671108,China,CHN,Asia,Eastern Asia,Xiamen,Xiamen; Tong'an; Siming; Haicang; Huli; Jimei,4088516.509,4
118.25,24.75,12556,24.65304488,118.24529979999998,China,CHN,Asia,Eastern Asia,Xiang'an,Xiang'an,220958.0406,4
118.25,24.75,12549,24.99752233,118.3718894,China,CHN,Asia,Eastern Asia,Nan'an,Nan'an,118623.0501,4
118.25,24.75,12564,24.8949235,118.3973393,China,CHN,Asia,Eastern Asia,,-,53317.57642,4
118.75,27.75,12408,27.92418242,118.5371008,China,CHN,Asia,Eastern Asia,Pucheng,Pucheng,53370.28247,1
118.75,32.25,12072,32.01271314,118.8093005,China,CHN,Asia,Eastern Asia,Nanjing,Nanjing; Jiangning; 秦淮区; 雨花台区; 玄武区; 建邺区; 鼓楼区; 栖霞区,5385671.749,3
118.75,32.25,12056,32.10571181,118.6730126,China,CHN,Asia,Eastern Asia,Pukou,Pukou,519777.6601,3
118.75,32.25,12055,32.27407293,118.780492,China,CHN,Asia,Eastern Asia,Luhe,Luhe,479864.0014,3
119.25,-3.25,12868,-3.404872047,119.3084877,Indonesia,IDN,Asia,South-Eastern Asia,Takatidung,Takatidung; Pekkabata; Manding; Anreapi; Madatte; Patampanua; Pasiang,92870.47852,3
119.25,-3.25,12871,-3.4332718260000004,119.344357,Indonesia,IDN,Asia,South-Eastern Asia,Polewali,Polewali,91083.20984,3
119.25,-3.25,12862,-3.405468385,119.2138514,Indonesia,IDN,Asia,South-Eastern Asia,Sidorejo,Sidorejo; Bumiayu; Lampa'; Bumi Mulyo; Campurjo; Galeso; Sidodadi; Kebunsari; Botto,70298.20385,3
119.25,31.25,12234,31.43324411,119.4668274,China,CHN,Asia,Eastern Asia,Liyang,Liyang,258046.4113,1
119.25,35.25,11764,35.41108471,119.4991147,China,CHN,Asia,Eastern Asia,Rizhao,Rizhao; 东港区,549262.8329,2
119.25,35.25,11789,35.10915127,119.3327244,China,CHN,Asia,Eastern Asia,岚山区,岚山区,66285.92245,2
119.75,28.25,12495,28.45849342,119.92549840000002,China,CHN,Asia,Eastern Asia,Lishui,Lishui; 莲都区,266877.0889,2
119.75,28.25,12487,28.10177191,119.5554041,China,CHN,Asia,Eastern Asia,Yunhe,Yunhe,68244.87994,2
119.75,36.25,11671,36.36472604,119.7567594,China,CHN,Asia,Eastern Asia,Gaomi,Gaomi,302224.2424,1
120.75,16.25,12783,16.42486308,120.595237,Philippines,PHL,Asia,South-Eastern Asia,Baguio,Baguio,451843.818,1
120.75,40.75,11179,40.75185347,120.8500422,China,CHN,Asia,Eastern Asia,Huludao,Huludao; Longgang; Lianshan,514586.3482,2
120.75,40.75,11190,40.61717979,120.73004009999998,China,CHN,Asia,Eastern Asia,Xingcheng,Xingcheng,143236.8468,2
121.25,16.75,12806,16.50101835,121.1659563,Philippines,PHL,Asia,South-Eastern Asia,Bayombong,Bayombong; Solano,65934.03369,1
121.25,41.75,11133,41.52989439,121.2383096,China,CHN,Asia,Eastern Asia,Yixian,Yixian,73203.43737999999,1
121.75,36.75,11865,36.90709537,121.5395652,China,CHN,Asia,Eastern Asia,Rushan,Rushan,164635.1525,1
122.25,6.75,12948,6.9268252320000006,122.0796731,Philippines,PHL,Asia,South-Eastern Asia,Zamboanga City,Zamboanga City,498586.5909,1
122.25,37.25,11896,37.20006712,122.0528488,China,CHN,Asia,Eastern Asia,Wendeng,Wendeng,224736.2985,2
122.25,37.25,11953,37.15503827,122.4380337,China,CHN,Asia,Eastern Asia,Rongcheng,Rongcheng,155488.1479,2
122.25,39.75,11516,39.6346595,121.99987659999998,China,CHN,Asia,Eastern Asia,Wafangdian,Wafangdian,279945.2876,1
122.25,41.25,11295,41.1277898,122.0714065,China,CHN,Asia,Eastern Asia,Panjin,Panjin; Xinglongtai,522320.5796,2
122.25,41.25,11286,41.20026976,122.0267736,China,CHN,Asia,Eastern Asia,Shuantaizi,Shuantaizi; Panshan,176354.58,2
122.75,0.75,12991,0.625182346,122.9885646,Indonesia,IDN,Asia,South-Eastern Asia,Limboto,Limboto,57163.44995,1
122.75,45.75,10688,45.61174646,122.8326905,China,CHN,Asia,Eastern Asia,Baicheng,Baicheng; Taobei,288896.1099,1
124.25,42.75,11325,42.53801909,124.05038190000002,China,CHN,Asia,Eastern Asia,Kaiyuan,Kaiyuan; Qinghe,239063.977,2
124.25,42.75,11299,42.77859912,124.0953827,China,CHN,Asia,Eastern Asia,Changtu,Changtu,71136.23315,2
124.75,8.25,13005,8.496738498,124.6666862,Philippines,PHL,Asia,South-Eastern Asia,Cagayan de Oro,Cagayan de Oro,735961.5875,1
124.75,45.25,10996,45.13835429,124.8268667,China,CHN,Asia,Eastern Asia,Songyuan,Songyuan; Qian Gorlos; Ningjiang,487549.7694,1
125.75,38.75,12200,38.50784424,125.7588231,North Korea,PRK,Asia,Eastern Asia,Sariwŏn,Sariwŏn,353197.8687,4
125.75,38.75,12112,38.92227324,125.5578788,North Korea,PRK,Asia,Eastern Asia,Kangson,Kangson,260531.0175,4
125.75,38.75,12151,38.74406285,125.63113490000002,North Korea,PRK,Asia,Eastern Asia,Songnim,Songnim,256210.9061,4
125.75,38.75,12123,38.83055407,125.5131301,North Korea,PRK,Asia,Eastern Asia,Taean,Taean,79206.64185,4
125.75,40.25,11986,40.11276829,125.9020517,North Korea,PRK,Asia,Eastern Asia,Unsan,Unsan,69973.24414,1
125.75,41.75,11726,41.72773602,125.9341578,China,CHN,Asia,Eastern Asia,Tonghua,Tonghua; 东昌区,313603.2437,2
125.75,41.75,11709,41.67684768,125.7624395,China,CHN,Asia,Eastern Asia,Tonghua,Tonghua,56491.40697999999,2
125.75,47.25,10778,47.18352767,125.9065482,China,CHN,Asia,Eastern Asia,明水县,明水县,75558.65698,1
126.75,46.75,11004,46.64110432,126.989836,China,CHN,Asia,Eastern Asia,Suihua,Suihua; 北林区,248076.6742,1
127.25,45.75,11210,45.7956086,127.4704492,China,CHN,Asia,Eastern Asia,Bin,Bin,56241.88982999999,1
129.25,35.25,12678,35.16895667,129.0163099,South Korea,KOR,Asia,Eastern Asia,Busan,Busan; Gimhae,3431209.05,3
129.25,35.25,12679,35.34464482,129.027315,South Korea,KOR,Asia,Eastern Asia,Yangsan,Yangsan,171032.3834,3
129.25,35.25,12683,35.39731218,129.160218,South Korea,KOR,Asia,Eastern Asia,웅상,웅상,64493.36877000001,3
129.25,40.75,12304,40.69074064,129.20410619999998,North Korea,PRK,Asia,Eastern Asia,Kimch'aek,Kimch'aek,195610.8162,2
129.25,40.75,12283,40.95713227,129.3187486,North Korea,PRK,Asia,Eastern Asia,Sinpyong,Sinpyong,108884.6013,2
137.25,34.75,12949,34.76239328,137.36667769999997,Japan,JPN,Asia,Eastern Asia,Toyohashi,Toyohashi; Toyokawa,442668.8691,2
137.25,34.75,12944,34.8133975,137.21913769999998,Japan,JPN,Asia,Eastern Asia,Gamagori,Gamagori,65769.20926,2
137.75,-3.75,13055,-3.548934399,137.56772780000003,Indonesia,IDN,Asia,South-Eastern Asia,Mebut,Mebut,97053.36328,3
137.75,-3.75,13057,-3.701099494,137.96564809999998,Indonesia,IDN,Asia,South-Eastern Asia,Mulia,Mulia,62820.625,3
137.75,-3.75,13056,-3.976317404,137.64334209999998,Indonesia,IDN,Asia,South-Eastern Asia,Ilaga,Ilaga,60418.14844,3
138.75,35.75,12956,35.63739386,138.53687309999998,Japan,JPN,Asia,Eastern Asia,Kai [Kofu],Kai; Minami-Alps; Fuefuki; Chuo; Kofu,390244.4334,1
140.75,38.25,12931,38.27557021,140.9104717,Japan,JPN,Asia,Eastern Asia,Sendai,Sendai; Natori; Tomiya,1142678.376,1
140.75,40.75,12827,40.82164065,140.74574219999997,Japan,JPN,Asia,Eastern Asia,Aomori,Aomori,187436.1651,1
141.25,43.25,12736,43.07052122,141.3738144,Japan,JPN,Asia,Eastern Asia,Sapporo,Sapporo; Ebetsu,1894557.363,2
141.25,43.25,12734,43.19380121,141.01457309999995,Japan,JPN,Asia,Eastern Asia,Otaru,Otaru,75772.49048,2
142.75,-3.25,13086,-3.474474153,142.68936589999996,Papua New Guinea,PNG,Oceania,Melanesia,,-,73215.99219,1
144.75,-6.25,13111,-6.020130786,144.97027419999995,Papua New Guinea,PNG,Oceania,Melanesia,Kundiawa,Kundiawa,85442.81348,1
